patient_id,trial_id,match_rank,passes_exclusion_criteria,patient_summary,patient_exclusion_evidence,trial_title,trial_brief_summary,trial_eligibility_criteria,clinical_space_number,matched_clinical_space_summary,extracted_trial_exclusion_criteria
11609,NCT05785741,1,False,"Age: 71
Sex: Female
Cancer type: Glioblastoma
Histology: IDH-wildtype, WHO Grade 4
Current extent: Progressive; most recent MRI (April 2026) showed diffuse non-enhancing T2/FLAIR hyperintense signal extending through left temporal operculum, posterior insula, and right parietal white matter with moderate vasogenic edema and impending mass effect.
Biomarkers: IDH-wildtype (sequencing and IHC), EGFR focal gene amplification (FISH), EGFR membranous overexpression, MGMT promoter unmethylated, GFAP positive, Olig2 positive, Nestin positive, Ki-67 30-38%, ATRX retained, p53 wild-type, MTAP homozygous deletion, NF1 nonsense substitution (p.Arg251*), PDGFRA amplification (copy number approx 8), CDK4 amplification (copy number approx 6), TERT promoter mutation (C-124C>T), Tumor Mutational Burden 4 mutations per megabase, microsatellite instability negative
Treatment history:
# 2020: Maximal surgical debulking of left temporal lobe
# 2020: Concurrent temozolomide and external beam intensity-modulated radiotherapy (60 Gy/30 fractions)
# 2020-2021: Adjuvant temozolomide (150 mg/m2 Days 1-5 every 28 days)
# 2021-2022: bevacizumab 10 mg/kg IV every 2 weeks; treatment interrupted for grade 3 proteinuria
# 2022-07-21: Re-resection of left temporal lobe
# 2025-02-12: Stereotactic-guided craniotomy with gross-total resection of recurrent left temporal glioblastoma
# 2025-2025: PDGFR alpha tyrosine kinase inhibitor and metronomic temozolomide (phase II trial); best response stable disease
# 2025-2026: bevacizumab 10 mg/kg IV every 2 weeks; discontinued May 2026 for transition to hospice",ECOG 4. Essential hypertension. Hyperlipidemia. Hypothyroidism. Osteoarthritis. History of bevacizumab-induced grade 3 proteinuria.,"A Phase 1/2a, Multicenter, Open-Label, First in Human Study to Assess the Safety, Tolerability, Pharmacokinetics, and Preliminary Antitumor Activity of DB-1310 in Subjects With Advanced/Metastatic Solid Tumors",This is a dose-escalation and dose-expansion Phase 1/2a trial to evaluate the safety and tolerability of DB-1310 in subjects with advanced solid tumors.,"Inclusion Criteria:

1. Male or female adults (defined as ≥ 18 years of age or acceptable age according to local regulations at the time of voluntarily signing of informed consent).
2. Have relapsed or progressed on or after standard systemic treatments, or intolerable with standard treatment, or for which no standard treatment is available. Documented radiological disease progression during/after most recent treatment regimen for advanced/unresectable, or metastatic disease.
3. At least one measurable lesion as assessed by the investigator according to response evaluation criteria in solid tumors (RECIST) version 1.1 criteria.
4. Has a life expectancy of ≥ 3 months.
5. Has an Eastern Cooperative Oncology Group (ECOG) performance status (PS) of 0-1.
6. Has LVEF ≥ 50% by either echocardiography (ECHO) or multiple-gated acquisition (MUGA) within 28 days before enrollment.
7. Has adequate organ functions within 7 days prior to Day 1 of Cycle 1.
8. Has adequate treatment washout period prior to Day 1 of Cycle 1.
9. Is willing to provide pre-existing resected tumor samples or undergo fresh tumor biopsy for the measurement of HER3 level and other biomarkers if no contraindication. For HER2 IHC 0 breast cancer subjects, it is highly recommended to collect additional tumor sample (Refer to Lab Manual).
10. Is capable of comprehending study procedures and risks outlined in the informed consent and able to provide written consent and agree to comply with the requirements of the study and the schedule of assessments.
11. Male and female subjects of reproductive/childbearing potential must agree to use adequate contraceptive methods (e.g., double barrier or intrauterine contraceptive) during the study and for at least 4 months and 7 months after the last dose of study drug, respectively.

    Females must be using highly effective contraceptive measures during the study and for at least 7 months after the last dosing of study drug, and must have a negative pregnancy test prior to start of dosing if of child-bearing potential, or must have evidence of non-child-bearing potential by fulfilling one of the following criteria at screening:
    * Post-menopausal defined as aged 50 years or more and amenorrhoeic for at least 12 months following cessation of all exogenous hormonal treatments
    * Women under 50 years old would be considered postmenopausal if they have been amenorrhoeic for 12 months or more following cessation of exogenous hormonal treatments and with LH and FSH levels in the post-menopausal range for the institution
    * Documentation of irreversible surgical sterilization by hysterectomy, bilateral oophorectomy or bilateral salpingectomy but not tubal ligation
12. Male subjects must not freeze or donate sperm starting at screening and throughout the study period, and at least 4 months after the final study drug administration.
13. Female subjects must not donate, or retrieve for their own use, ova from the time of screening and throughout the study treatment period, and for at least 7 months after the final study drug administration.

Exclusion Criteria:

1. Prior treatment with HER3 targeted therapy.
2. Prior treatment with antibody drug conjugate with topoisomerase I inhibitor (except trastuzumab deruxtecantopoisomerase I inhibitor HER2 ADC for backfilled subjects in Combo A of Phase 1 and subjects in Cohort 2e of Phase 2a, and not applicable for subjects enrolled for DLT observation in Phase 1).
3. Has a medical history of symptomatic congestive heart failure (CHF) (New York Heart Association \[NYHA\] classes II-IV) or serious cardiac arrhythmia requiring treatment.
4. Has a medical history of myocardial infarction or unstable angina within 6 months before enrollment.
5. Has any clinically important abnormalities in rhythm, conduction or morphology of resting electrocardiogram (ECG), e.g., complete left bundle branch block, third-degree heart block, second-degree heart block, or PR interval \> 250 milliseconds (ms).
6. Has an average of Fredericia's formula-QT corrected interval (QTcF) prolongation to \> 470 millisecond (ms) in males and females based on a 12-lead electrocardiogram (ECG) in triplicate.
7. Unable or unwilling to discontinue concomitant drugs that are known to prolong the QT interval.

   For Combo B of Phase 1 and Cohort 2g, 2k of Phase 2a, patients currently receiving (or unable to stop use prior to receiving the first dose of Osimertinib) medications or herbal supplements known to be strong inducers of CYP3A4 (at least 3-week prior) (refer to Section 6.9.1) are ineligible, and all patients must try to avoid concomitant use of any medications, herbal supplements and/or ingestion of foods with known inducer effects on CYP3A4.
8. Has a history of (non-infectious) ILD/pneumonitis and/or radiation pneumonitis that required steroids, has current ILD/pneumonitis and/or radiation pneumonitis, or where suspected ILD/pneumonitis and/or radiation pneumonitis cannot be ruled out by imaging at screening.
9. Have a lung-specific intercurrent clinically significant illness including, but not limited to, any underlying pulmonary disorder (e.g., pulmonary emboli within 3 months prior to Cycle 1 Day 1, severe asthma, severe chronic obstructive pulmonary disorder, restrictive lung disease, significant pleural effusion etc.), and any autoimmune, connective tissue or inflammatory disorder with pulmonary involvement (e.g., rheumatoid arthritis, Sjogren's syndrome, sarcoidosis etc.), and/or prior pneumonectomy (complete).
10. Has an uncontrolled infection requiring intravenous injection of antibiotics, antivirals, or antifungals.
11. Has clinically significant corneal disease.
12. Know human immunodeficiency virus (HIV) infection.
13. Subjects have active viral (any etiology) hepatitis are excluded. However, subjects with positive hepatitis B surface antigen (HBsAg) who have the HBV DNA (viral load) below the lower limit quantification or HBV DNA titer \< 1000 cps/mL or 100 IU/mL per local testing and are not currently on viral suppressive therapy may be eligible and should be discussed with the Sponsor's Medical Monitor. However, subjects with a history of hepatitis C virus (HCV) infection who have completed curative antiviral treatment and have the HCV RNA below the lower limit of quantification per local testing are eligible for study entry.
14. Is a lactating mother (women who are willing to temporarily interrupt breastfeeding will also be excluded), or pregnant as confirmed by serum pregnancy tests performed within 7 days prior to Cycle 1 Day 1.
15. Has clinically active brain metastases, defined as untreated and symptomatic, or requiring therapy with steroids or anticonvulsants to control associated symptoms. However, subjects with asymptomatic central nervous system (CNS) metastases who are radiologically and neurologically stable for at least 4 weeks following CNS-directed therapy, and who are on stable or decreasing doses of corticosteroids equivalent to ≤10 mg/day prednisone are eligible for study entry.
16. Has unresolved toxicities from previous anticancer therapy, defined as toxicities (other than alopecia) not yet resolved to NCI-CTCAE version 5.0, grade ≤ 1 or baseline. Subjects with chronic Grade 2 toxicities (e.g., Grade 2 neuropathy) may be eligible based on the discussion and agreement between Investigator and Sponsor.
17. Has multiple primary malignancies within 3 years before enrollment, except adequately resected non-melanoma skin cancer (e.g., resected basal or squamous cell skin cancer), curatively treated in-situ disease (e.g., carcinoma in situ of the cervix or breast), other solid tumors curatively treated (e.g., superficial bladder cancer), or contralateral breast cancer.
18. Has substance abuse or any other medical conditions that would increase the safety risk to the subject or interfere with participation or evaluation of the clinical study in the opinion of the investigator.
19. Has known hypersensitivity to either the drug substances or inactive ingredients in the drug product.
20. Patients with other reasons that, in the opinion of the Investigator, make them unsuitable to participate in this study.

NOTE: Other protocol defined Inclusion/Exclusion criteria may apply.",1,Age range allowed: 18 years or older. Sex allowed: Male or Female. Cancer type allowed: Solid tumors. Histology allowed: NA. Cancer burden allowed: Advanced or metastatic. Prior treatment required: Relapsed or progressed on or after standard systemic treatments or intolerable with standard treatment or no standard treatment available. Prior treatment excluded: Prior treatment with HER3 targeted therapy or prior treatment with antibody drug conjugate with topoisomerase I inhibitor. Biomarkers required: NA. Biomarkers excluded: NA.,"Poor performance status (eg ECOG >1).
Left ventricular ejection fraction (LVEF) < 50%.
Inadequate organ functions.
Symptomatic congestive heart failure (New York Heart Association classes II-IV) or serious cardiac arrhythmia requiring treatment.
Myocardial infarction or unstable angina within 6 months before enrollment.
Clinically important abnormalities in rhythm, conduction or morphology of resting electrocardiogram (eg, complete left bundle branch block, third-degree heart block, second-degree heart block, or PR interval > 250 milliseconds).
Average Fredericia's formula-QT corrected interval (QTcF) prolongation > 470 milliseconds.
Unable or unwilling to discontinue concomitant drugs known to prolong the QT interval.
Current use of medications or herbal supplements known to be strong inducers of CYP3A4.
History of (non-infectious) interstitial lung disease (ILD), pneumonitis, and/or radiation pneumonitis that required steroids, current ILD/pneumonitis and/or radiation pneumonitis, or suspected ILD/pneumonitis and/or radiation pneumonitis that cannot be ruled out by imaging.
Lung-specific intercurrent clinically significant illness (eg, pulmonary emboli within 3 months prior to Cycle 1 Day 1, severe asthma, severe chronic obstructive pulmonary disorder, restrictive lung disease, significant pleural effusion, autoimmune, connective tissue or inflammatory disorder with pulmonary involvement, or prior complete pneumonectomy).
Uncontrolled infection requiring intravenous injection of antibiotics, antivirals, or antifungals.
Clinically significant corneal disease.
Known human immunodeficiency virus (HIV) infection.
Active viral hepatitis (excluding HBsAg positive subjects with HBV DNA < 1000 cps/mL or 100 IU/mL and not on viral suppressive therapy, and excluding history of hepatitis C virus infection who completed curative treatment and have HCV RNA below the lower limit of quantification).
Pregnant or lactating.
Clinically active brain metastases (defined as untreated and symptomatic, or requiring therapy with steroids or anticonvulsants to control associated symptoms).
Unresolved toxicities from previous anticancer therapy (grade > 1 per NCI-CTCAE version 5.0, except for alopecia).
Multiple primary malignancies within 3 years before enrollment (except adequately resected non-melanoma skin cancer, curatively treated in-situ disease, other curatively treated solid tumors, or contralateral breast cancer).
Substance abuse or other medical conditions that increase safety risk or interfere with participation.
Known hypersensitivity to drug substances or inactive ingredients."
11609,NCT05538130,2,True,"Age: 71
Sex: Female
Cancer type: Glioblastoma
Histology: IDH-wildtype, WHO Grade 4
Current extent: Progressive; most recent MRI (April 2026) showed diffuse non-enhancing T2/FLAIR hyperintense signal extending through left temporal operculum, posterior insula, and right parietal white matter with moderate vasogenic edema and impending mass effect.
Biomarkers: IDH-wildtype (sequencing and IHC), EGFR focal gene amplification (FISH), EGFR membranous overexpression, MGMT promoter unmethylated, GFAP positive, Olig2 positive, Nestin positive, Ki-67 30-38%, ATRX retained, p53 wild-type, MTAP homozygous deletion, NF1 nonsense substitution (p.Arg251*), PDGFRA amplification (copy number approx 8), CDK4 amplification (copy number approx 6), TERT promoter mutation (C-124C>T), Tumor Mutational Burden 4 mutations per megabase, microsatellite instability negative
Treatment history:
# 2020: Maximal surgical debulking of left temporal lobe
# 2020: Concurrent temozolomide and external beam intensity-modulated radiotherapy (60 Gy/30 fractions)
# 2020-2021: Adjuvant temozolomide (150 mg/m2 Days 1-5 every 28 days)
# 2021-2022: bevacizumab 10 mg/kg IV every 2 weeks; treatment interrupted for grade 3 proteinuria
# 2022-07-21: Re-resection of left temporal lobe
# 2025-02-12: Stereotactic-guided craniotomy with gross-total resection of recurrent left temporal glioblastoma
# 2025-2025: PDGFR alpha tyrosine kinase inhibitor and metronomic temozolomide (phase II trial); best response stable disease
# 2025-2026: bevacizumab 10 mg/kg IV every 2 weeks; discontinued May 2026 for transition to hospice",ECOG 4. Essential hypertension. Hyperlipidemia. Hypothyroidism. Osteoarthritis. History of bevacizumab-induced grade 3 proteinuria.,A PHASE 1A/B OPEN-LABEL MASTER STUDY OF PF-07799544 AS A SINGLE-AGENT AND IN COMBINATION WITH OTHER TARGETED AGENTS IN PARTICIPANTS WITH ADVANCED SOLID TUMORS,"The purpose of this clinical trial is to learn the safety and effects of the study medicine (PF-07799544) administered as a single agent and in combination with other study medications in people with solid tumors. This study is seeking participants who have an advanced solid tumor for which the available treatments are no longer effective in controlling their cancer. All participants in this study will receive PF-07799544. PF-07799544 comes as a tablet to take by mouth daily (initially 2 times per day, but this could change to once daily or another frequency). Depending on the part of the study, participants may also receive another study medicine.

* In the first part of the study, people with melanoma or other solid tumors may also receive encorafenib. Encorafenib comes as a capsule and is taken once per day.
* In the second part of the study, people with melanoma or other cancers with abnormalities in a gene called ""BRAF"" will receive PF-07799544 with other study medicines (for example, PF-07799933).

Participants may receive the study medicines for about 2 years. The study team will monitor how each participant is doing with the study treatment during regular visits at the study clinic.","Inclusion Criteria:

* Diagnosis of advanced/metastatic solid tumor including primary brain tumor for monotherapy phase 1a dose escalation
* Disease progressed during/following last prior treatment and no satisfactory alternative treatment options for monotherapy phase 1a dose escalation
* For Substudy B, histological or cytological diagnosis of advanced/metastatic melanoma
* For Substudy C, unresectable or adv/metastatic solid tumor progressed on, or with demonstrated intolerance to SOC, excluding melanoma,
* For Substudy B and C, measurable disease by RECIST version 1.1
* For Substudy B, evidence of a BRAF V600 mutation or BRAF Class II/III alteration in tumor tissue and/or blood
* For Substudy C, evidence of a BRAF founder alteration (non-V600 Class II/III BRAF alteration)

Exclusion Criteria:

* Brain metastasis larger than 4 cm
* History or current evidence of retinal vein occlusion (RVO) or concurrent neuromuscular disorder associated with elevated creatine kinase (CK)",1,Age range allowed: NA. Sex allowed: Both. Cancer type allowed: Solid tumors. Histology allowed: NA. Cancer burden allowed: Advanced or metastatic (including primary brain tumor). Prior treatment required: Prior treatment followed by disease progression and no satisfactory alternative treatment options. Prior treatment excluded: NA. Biomarkers required: NA. Biomarkers excluded: NA.,"Brain metastasis larger than 4 cm
History or current evidence of retinal vein occlusion (RVO)
Concurrent neuromuscular disorder associated with elevated creatine kinase (CK)"
11609,NCT06234423,3,False,"Age: 71
Sex: Female
Cancer type: Glioblastoma
Histology: IDH-wildtype, WHO Grade 4
Current extent: Progressive; most recent MRI (April 2026) showed diffuse non-enhancing T2/FLAIR hyperintense signal extending through left temporal operculum, posterior insula, and right parietal white matter with moderate vasogenic edema and impending mass effect.
Biomarkers: IDH-wildtype (sequencing and IHC), EGFR focal gene amplification (FISH), EGFR membranous overexpression, MGMT promoter unmethylated, GFAP positive, Olig2 positive, Nestin positive, Ki-67 30-38%, ATRX retained, p53 wild-type, MTAP homozygous deletion, NF1 nonsense substitution (p.Arg251*), PDGFRA amplification (copy number approx 8), CDK4 amplification (copy number approx 6), TERT promoter mutation (C-124C>T), Tumor Mutational Burden 4 mutations per megabase, microsatellite instability negative
Treatment history:
# 2020: Maximal surgical debulking of left temporal lobe
# 2020: Concurrent temozolomide and external beam intensity-modulated radiotherapy (60 Gy/30 fractions)
# 2020-2021: Adjuvant temozolomide (150 mg/m2 Days 1-5 every 28 days)
# 2021-2022: bevacizumab 10 mg/kg IV every 2 weeks; treatment interrupted for grade 3 proteinuria
# 2022-07-21: Re-resection of left temporal lobe
# 2025-02-12: Stereotactic-guided craniotomy with gross-total resection of recurrent left temporal glioblastoma
# 2025-2025: PDGFR alpha tyrosine kinase inhibitor and metronomic temozolomide (phase II trial); best response stable disease
# 2025-2026: bevacizumab 10 mg/kg IV every 2 weeks; discontinued May 2026 for transition to hospice",ECOG 4. Essential hypertension. Hyperlipidemia. Hypothyroidism. Osteoarthritis. History of bevacizumab-induced grade 3 proteinuria.,"A Phase 1, First-in-Human Study of CUSP06, a Cadherin-6 (CDH6)-Directed Antibody-Drug Conjugate, in Patients With Platinum-Refractory/Resistant Ovarian Cancer and Other Advanced Solid Tumors","This phase 1 study will evaluate the safety, tolerability, pharmacokinetics, and efficacy of CUSP06 in patients with platinum-refractory/resistant ovarian cancer and other advanced solid tumors.","Inclusion Criteria:

* Written informed consent provided prior to any screening procedures.
* Male or female patients, ≥18 years of age at the time of obtaining informed consent.
* Patients with histologically or cytologically confirmed advanced solid tumors previously treated with standard of care systemic therapy, or for whom no standard therapy is available.
* Willingness to provide archival tumor tissue collected within the previous 2 years, when available. If no archival tissue is available that was collected within a 2 year timeframe, willingness to undergo a pretreatment biopsy if medically feasible and safe.

  * For patients on Phase 1b dose expansion, willingness to undergo pre- and on-treatment biopsies if medically feasible and safe.
* Measurable disease per RECIST 1.1.
* Eastern Cooperative Oncology Group (ECOG) performance status of 0 or 1 and life expectancy of ≥12 weeks.
* Adequate organ function as defined by:

  * Absolute neutrophil count (ANC) ≥1.5 x 109/L (1500/µL), without colony-stimulating factor support for the past 14 days.
  * Platelets ≥100.0 x 109/L (100 000/µL).
  * Hemoglobin ≥9.0 g/dL (without blood transfusion in 2-week period prior to screening laboratory tests).
  * Creatinine clearance (CrCl) ≥45 mL/min as calculated by the Cockcroft-Gault method.
  * Serum total bilirubin ≤ 1.5 x the upper limit of normal (ULN).
  * Aspartate aminotransferase (AST) ≤2.5 x ULN; alanine aminotransferase (ALT) ≤ 2.5 x ULN.
  * International normalized ratio (INR) ≤ 1.5; activated partial thromboplastin time (aPTT) ≤ 1.5 x ULN.
  * Left ventricular ejection fraction (LVEF) ≥50% as per echocardiography (ECHO) or multi-gated acquisition scan (MUGA).
  * Q wave to T wave (QT) interval corrected for heart rate (QTc) ≤480 ms (Fridericia's formula).
* Women of child-bearing potential (WCBP), defined as a sexually mature woman who has not undergone surgical sterilization or who has not been naturally postmenopausal for at least 12 consecutive months (i.e., who has had menses any time in the preceding 12 consecutive months) must agree to use 2 effective contraceptive methods; examples include oral, parenteral, or implantable hormonal contraceptive, intra-uterine device, barrier contraceptive with spermicide, partner's latex (or polyisoprene, if latex allergy) condom or vasectomy while on study treatment and for at least 12 weeks after the last dose of the study drug.

  * WCBP must have a negative serum pregnancy test within 72 hours prior to first dose of the study drug.
  * Male patients must agree to use a latex (or polyisoprene, if latex allergy) condom, even if they had a successful vasectomy, while on study treatment and for at least 12 weeks after the last dose of the study drug.
* Patients must be willing and able to sign the informed consent form, and to adhere to the study visit schedule and other protocol requirements.

Exclusion Criteria:

* Prior treatment an ADC with a topoisomerase I (TOP1) payload.
* Active or progressing brain metastases or evidence of leptomeningeal disease. Stable/treated brain metastases are permitted (defined as history of brain metastases previously treated with surgical resection or stereotactic radiosurgery, stable on baseline screening study MRI brain for at least 2 months (compared to comparator MRI brain) and asymptomatic without requirement for steroids or antiseizure medications.
* Persistent toxicities from previous systemic antineoplastic treatments of Grade \>1, excluding alopecia and vitiligo.
* Systemic antineoplastic therapy within 5 half-lives or 4 weeks, whichever is shorter, prior to first dose of the study drug, including investigational agents.
* Wide-field radiotherapy (e.g., \>30% of marrow-bearing bones) within 4 weeks, or focal radiation with palliative intent outside the field of measurable disease within 2 weeks prior to first dose of the study drug.
* Major surgery (not including placement of vascular access device or tumor biopsies) within 4 weeks prior to first dose of study drug, or no recovery from side effects of such intervention.
* Has had clinically significant lung disease requiring systemic corticosteroid treatment within the last 6 months of randomization/registration (e.g., interstitial pneumonia, pneumonitis, pulmonary fibrosis, and severe radiation pneumonitis) or who are suspected to have such diseases by imaging at screening period.
* Patients with acute or chronic pancreatitis and/or any cirrhosis except cirrhosis diagnosed as Child-Pugh class A.
* Hepatic insufficiency manifesting as clinical jaundice, hepatic encephalopathy, and/or variceal bleed within 60 days prior to study entry.
* History of liver transplant.
* Prior allogeneic bone marrow transplantation.
* Significant cardiac disease, such as recent (within 6 months prior to first dose of the study drug) myocardial infarction or acute coronary syndromes (including unstable angina pectoris), congestive heart failure (New York Heart Association class III or IV), uncontrolled hypertension, uncontrolled cardiac arrhythmias, severe aortic stenosis.
* History of thromboembolic or cerebrovascular events, including transient ischemic attacks, cerebrovascular accidents, deep vein thrombosis, or pulmonary emboli within 3 months prior to first dose of the study drug.
* Acute and/or clinically significant bacterial, fungal, or viral infection including hepatitis B (HBV), hepatitis C (HCV), known human immunodeficiency virus (HIV).

  * Note: patients with chronic HBV, HCV or HIV infection will be eligible if they are considered upon a mutual agreement of the Investigator and the Medical Monitor as safe for enrollment and meet one of the following additional conditions:
  * Patients with HIV infection are on an established antiretroviral therapy for at least 4 weeks, and have CD4+ T-cell counts ≥350 cells/µL and HIV viral load \<400 copies/mL,
  * Patients with serologic evidence of chronic HBV infection receive concurrent anti-HBV therapy and have HBV viral load below the limit of quantification,
  * Patients with a history of HCV infection must have completed curative anti-HCV therapy and have HCV viral load below the limit of quantification,
  * Patients on concurrent anti-HCV therapy have HCV viral load below the limit of quantification.
* Known or suspected allergy to the study drug or any component of the study drug.
* Concurrent participation in another investigational clinical trial.
* Pregnant or breast-feeding females.
* Prior history of malignancy other than inclusion diagnosis within 3 years prior to first dose of the study drug.

  * Note: patients with adequately treated basal cell or squamous cell skin cancer, non-invasive superficial bladder cancer, in situ cervical cancer, in situ breast cancer, in situ prostate cancer may be eligible if have shown no evidence of active disease for 2 years prior to first dose of drug.
* Any other severe acute or chronic medical or psychiatric conditions or laboratory abnormality that may increase the risk associated with the study participation or the study drug administration or may interfere with the interpretation of study results and, in the judgment of the Investigator, would make the patient inappropriate for enrollment in this study.",2,Age range allowed: >=18 years. Sex allowed: Male or female. Cancer type allowed: Solid tumor. Histology allowed: NA. Cancer burden allowed: Advanced. Prior treatment required: Standard of care systemic therapy or no standard therapy available. Prior treatment excluded: Antibody-drug conjugate with a topoisomerase I payload. Biomarkers required: NA. Biomarkers excluded: NA.,"Poor performance status (ECOG > 1).
Active or progressing brain metastases or evidence of leptomeningeal disease.
Persistent toxicities from previous systemic antineoplastic treatments of Grade > 1, excluding alopecia and vitiligo.
Clinically significant lung disease requiring systemic corticosteroid treatment (e.g., interstitial pneumonia, pneumonitis, pulmonary fibrosis, and severe radiation pneumonitis) or suspected such diseases by imaging at screening.
Acute or chronic pancreatitis and/or any cirrhosis except Child-Pugh class A.
Hepatic insufficiency manifesting as clinical jaundice, hepatic encephalopathy, and/or variceal bleed.
History of liver transplant.
Prior allogeneic bone marrow transplantation.
Significant cardiac disease (e.g., recent myocardial infarction, acute coronary syndromes, congestive heart failure New York Heart Association class III or IV, uncontrolled hypertension, uncontrolled cardiac arrhythmias, severe aortic stenosis).
History of thromboembolic or cerebrovascular events (e.g., transient ischemic attacks, cerebrovascular accidents, deep vein thrombosis, or pulmonary emboli).
Acute and/or clinically significant bacterial, fungal, or viral infection including hepatitis B, hepatitis C, or human immunodeficiency virus (unless meeting specific stability criteria).
Known or suspected allergy to the study drug or its components.
Concurrent participation in another investigational clinical trial.
Pregnancy or breast-feeding.
Prior history of malignancy other than inclusion diagnosis within 3 years (excluding adequately treated basal cell or squamous cell skin cancer, non-invasive superficial bladder cancer, in situ cervical cancer, in situ breast cancer, or in situ prostate cancer).
Any other severe acute or chronic medical or psychiatric conditions or laboratory abnormality that may increase risk or interfere with results."
12019,NCT05608252,1,True,"Age: 52
Sex: Female
Cancer type: Breast cancer
Histology: Infiltrating ductal carcinoma
Current extent: Metastatic (liver, lungs, and L4 vertebra); CA 27-29 38 U/mL (2026-05-14), trending downward
Biomarkers: ER 80%, PR 70%, HER2 IHC 0, Ki-67 22%, PIK3CA p.H1047R, ESR1 p.D538G, TP53 p.R175H, GATA3 p.R361C, CDK4 amplification, FGFR1 amplification, BRCA1 wild-type, BRCA2 wild-type, AKT1 wild-type, KRAS wild-type, NRAS wild-type, BRAF wild-type, MSI stable, TMB 4 mut/Mb
Treatment history:
# 2021-06-23-2023-09-09: letrozole + ribociclib; best response partial response
# 2023-09-09-2024-05-01: letrozole; stable disease
# 2024-05-01-2025-05-02: fulvestrant + everolimus; best response partial response
# 2025-05-02-2025-09-28: fulvestrant; progressive disease
# 2025-09-28-present: alpelisib + fulvestrant; best response partial response
# 2025-05-02-present: zoledronic acid","Hypertension, hyperlipidemia, Grade 2 ribociclib-associated hepatotoxicity (2023-09-09), Grade 2 everolimus-associated stomatitis and hyperglycemia, Grade 1 zoledronic acid infusion reaction, Grade 1-2 transaminitis, hyperglycemia (HbA1c 7.2%), ECOG 1.",A Single Arm Phase 1/2 Trial of Abemaciclib + VS-6766 + Fulvestrant in Metastatic HR+/HER2- Breast Cancer,"This research is being done to evaluate the safety and effectiveness of a drug currently known as VS-6766 in combination with the drugs abemaciclib and fulvestrant in HR+/HER2-negative breast cancer.

The names of the study drugs involved in this study are:

* VS-6766
* Abemaciclib
* Fulvestrant","Inclusion Criteria:

* Participants must have histologically or cytologically confirmed hormone receptor positive (HR+), HER2 negative metastatic or locally recurrent unresectable invasive breast cancer. ER, PR and HER2 measurements should be performed according to institutional guidelines, in a CLIA-approved setting. Cut-off values for positive/negative staining should be in accordance with current ASCO/CAP (American Society of Clinical Oncology/College of American Pathologists) guidelines.
* Participants may have measurable or non-measurable disease according to RECIST v1.1.
* Men and pre- and postmenopausal women are eligible. Ongoing monthly GNRH agonist is required in pre-menopausal women or male participants for at least 4 weeks prior to study entry. If men or pre-menopausal women have not received regular GNRH agonist for at least 4 weeks prior to study entry, these patients will be excluded.
* Participants must have radiological or objective evidence of progression on any CDK 4/6 inhibitor-containing regimen in the metastatic setting, and/or relapse/progression during or within 12 months of completion of any CDK4/6 inhibitor-containing regimen in the adjuvant setting.

  * It is not mandatory to have a CDK4/6 inhibitor-containing regimen as the most recent treatment.
* Participants must have radiological or objective evidence of progression on fulvestrant (as a single agent or as a component of any multi-drug regimen) in the metastatic setting.

  * It is not mandatory to have a fulvestrant-containing regimen as the most recent treatment.
* Prior therapy:

  * No more than two prior chemotherapy regimens in the metastatic setting.
  * For both the phase I and phase II portions of this trial, there is no limit on prior lines of endocrine therapy in the adjuvant or metastatic setting.
* For phase 2 cohort only: Willing to undergo pre- and on-treatment tumor biopsies. Patients are exempt from this requirement if, in the opinion of the investigator, the biopsy procedure would pose a significant risk. Biopsies are optional in the phase 1 cohort.
* ECOG performance status \<2.
* Participants must have normal organ and marrow function as defined below:

  * absolute neutrophil count ≥ 1.5 x 109/L
  * platelets ≥100,000/μl
  * hemoglobin ≥9 g/dL (If red blood cell transfusion has been administered, hemoglobin must remain stable and ≥9 g/dL without further transfusion for at least 1 week prior to first dose of study therapy).
  * total bilirubin ≤1.5mg/dL (≤3.0mg/dL in patients with known Gilbert syndrome and direct bilirubin within normal limits)
  * AST(SGOT)/ALT(SGPT) ≤2.5 × institutional ULN.
  * Adequate renal function with a creatinine clearance rate of ≥ 50 mL/min as calculated by the Cockcroft-Gault formula.
  * International normalized ratio (INR) ≤ 1.5 and partial thromboplastin time (PTT) ≤ 1.5 x ULN in the absence of anticoagulation or therapeutic levels in the presence of anticoagulation.
  * Creatine phosphokinase (CPK) ≤ 2.5 x ULN.
  * Adequate cardiac function with left ventricular ejection fraction ≥ 50% by echocardiography (ECHO) or multiple-gated acquisition (MUGA) scan.
  * Baseline QTc interval \< 480 ms (average of triplicate readings) using Fredericia's QT correction formula. NOTE: This criterion does not apply to patients with a complete or incomplete right or left bundle branch block.
* Adequate recovery from toxicities related to prior systemic treatments, surgery, or radiotherapy to at least Grade 1 by CTCAE v 5.0. Exceptions include alopecia and peripheral neuropathy grade ≤ 2.
* Age \>18 years. Because no dosing or adverse event data are currently available on the use of study agents in participants \<18 years of age, children are excluded from this study.
* Women of childbearing potential, women who are made postmenopausal through use of GNRH agonists, and men must agree to use adequate contraception for the duration of protocol treatment. Women meeting these criteria will need to use adequate contraception for at least 30 days after the last dose of abemaciclib or VS-6766 and for one year after the last dose of fulvestrant. Men will need to use adequate contraception for 90 days after the last dose of abemaciclib or VS-6766 and for one year after the last dose of fulvestrant. Additionally, males must agree not to donate sperm for the duration of protocol treatment and for at least 90 days after the last dose of protocol therapy. Childbearing potential for this purpose is defined as: those who have not been surgically sterilized and/or have had a menstrual period in the past 12 months. Adequate contraception is defined as one highly effective non-hormonal form of contraception or two effective forms of non-hormonal contraception by the participant and/or partner:

Highly Effective Non-Hormonal Contraception Methods of birth control which result in a low failure rate (i.e., less than 1% per year) when used consistently and correctly are considered highly-effective forms of contraception.

The following non-hormonal methods of contraception are acceptable:

* True abstinence when this is in line with the preferred and usual lifestyle of the participant. \[Periodic abstinence (e.g., calendar, ovulation, symptothermal post-ovulation methods) and withdrawal are not acceptable methods of contraception\].
* Male sterilization (with appropriate post-vasectomy documentation of the absence of sperm in the ejaculate). For female participants, the vasectomized male partner should be the sole partner. OR Effective Non-Hormonal Contraception

Alternatively two of the following effective forms of contraception may be used instead:

* Placement of non-hormonal or progesterone-coated intrauterine device (IUD) or intrauterine system (IUS). Consideration should be given to the type of device being used, as there are higher failure rates quoted for certain types, e.g., steel or copper wire.
* Condom with spermicidal foam/gel/film/cream/suppository.
* Occlusive cap (diaphragm or cervical/vault caps) with spermicidal foam/gel/film/cream/suppository.
* The use of barrier contraceptives should always be supplemented with the use of spermicide. The following should be noted:
* Failure rates indicate that, when used alone, the diaphragm and condom are not highly effective forms of contraception. Therefore, the use of additional spermicides does confer additional theoretical contraceptive protection.
* However, spermicides alone are ineffective at preventing pregnancy when the whole ejaculate is spilled. Therefore, spermicides are not a barrier method of contraception and should not be used alone.

It should be noted that two forms of effective contraception are required. A double barrier method is acceptable, which is defined as condom and occlusive cap (diaphragm or cervical/vault caps) with spermicidal foam/gel/film/cream/suppository.

* A female of childbearing potential, as defined above in section 3.1.12, must have a negative serum pregnancy test performed within 7 days of C1D1. A positive urine test must be confirmed by a serum test. Pregnancy testing does not need to be pursued in female participants who are:

  * Age \>60 years; or
  * Age \<60 years with intact uterus and amenorrhea for 12 consecutive months or more AND estrogen (estradiol) levels within postmenopausal range; or
  * Status post bilateral oophorectomy, total hysterectomy, or bilateral tubal ligation
* Participant must be able to swallow and retain oral medication.
* Ability to understand and willingness to sign a written informed consent document

Exclusion Criteria:

* Participants with active brain metastases or with known carcinomatous meningitis. Stable, treated brain metastases are allowed (this includes participants who have documented radiologic stability at least 4 weeks after radiotherapy, and do not require systemic steroids for management of symptoms from CNS metastatic lesions). Any patients with documented brain metastasis not meeting above criteria for stable treated brain metastasis are considered to have active brain metastases.
* Phase I: Participants who have discontinued prior abemaciclib for toxicity, at any dose. Phase II: Participants who have discontinued prior abemaciclib for toxicity, if that toxicity occurred at or above the RP2 dose level for abemaciclib that is incorporated into phase II of this trial.
* Participants who have discontinued prior fulvestrant for toxicity.
* Prior treatment with any MEK inhibitor.
* The subject has received another investigational agent within at least 30 days or 5 half-lives of the first dose of study drug, whichever is longer, or is currently enrolled in any medical device research or other research that is judged by the sponsor to not be scientifically or medically compatible with this study.
* The subject has received a chemotherapy agent or immunotherapy within 21 days of the first dose of study drug.
* The subject has received an endocrine or biologic agent within 14 days of the first dose of study drug.
* The subject has completed radiation within 14 days of registration. Patients who received radiotherapy must have completed and fully recovered from the acute effects of radiotherapy.
* The subject has had major surgery within 14 days of registration.
* Participants with the following pre-existing ocular pathology are excluded:
* Patients with history of glaucoma, history of retinal vein occlusion (RVO), predisposing factors for RVO, including uncontrolled hypertension, uncontrolled diabetes.
* Patient with history of retinal pathology or evidence of visible retinal pathology that is considered a risk factor for RVO, intraocular pressure \> 21 mm Hg as measured by tonometry, or other significant ocular pathology, such as anatomical abnormalities that increase the risk for RVO.
* Patients with a history of corneal erosion (instability of corneal epithelium), corneal degeneration, active or recurrent keratitis, and other forms of serious ocular surface inflammatory conditions.
* History of rhabdomyolysis or neuromuscular disorders that are associated with elevated CK (eg inflammatory myopathies, muscular dystrophy, amyotrophic lateral sclerosis, spinal muscular atrophy).
* The patient has an uncontrolled intercurrent illness including, but not limited to, uncontrolled hypertension, unstable angina pectoris, uncontrolled cardiac arrhythmia, congestive heart failure (New York Heart Association Class III or IV), active ischemic heart disease, myocardial infarction within the previous six months, syncope of cardiovascular etiology, ventricular arrhythmia of pathological origin (including, but not limited to, ventricular tachycardia and ventricular fibrillation), uncontrolled diabetes mellitus, severe obstructive pulmonary disease, or severe chronic liver or renal disease, or sudden cardiac arrest.
* Individuals with a history of a second malignancy are ineligible except for the following circumstances. Individuals with a history of other malignancies are potentially eligible if they have been disease-free for at least 5 years and are deemed by the investigator to be at low risk for recurrence of that malignancy. Individuals with the following cancers are eligible if diagnosed and treated within the past 5 years and there is no evidence of disease recurrence for 1 year or more since completion of appropriate therapy: cervical cancer in situ, and non-melanoma cancer of the skin. Patients with other cancers diagnosed within the past 5 years and felt to be at low risk of recurrence should be discussed with the overall study PI to determine eligibility.
* History of allergic reactions attributed to compounds of similar chemical or biologic composition to VS-6766 (including inactive ingredients mannitol, magnesium stearate, HPMC (hydroxypropylmethylcellulose) shells), abemaciclib, or fulvestrant.
* Known history of testing positive for HIV with history of an AIDS-defining opportunistic infection within the past 12 months, or need to receive combination antiretroviral therapy for HIV that are strong CYP3A4 inhibitors or inducers.
* Known active hepatitis B virus (HBV) or hepatitis C virus (HCV) infection (for example, hepatitis B surface antigen positive). Screening is not required for enrollment. Patients with chronic HBV infection who meet criteria for anti-HBV therapy should be on suppressive antiviral therapy prior to initiation of study therapy. Patients with a history of HCV infection will need to have completed curative antiviral treatment with HCV viral load below the limit of quantification. Patients with untreated HCV may be enrolled if the HCV is stable and if the patient is not at risk for hepatic decompensation. Patients that need to receive antiviral therapy for HBV or HCV that are strong CYP3A4 inhibitors or inducers will be excluded.
* Patients exposed to strong CYP3A4 inhibitors or inducers within 14 days prior to the first dose of study drugs (see Appendix C). Concurrent use of strong CYP3A4 inhibitors (see Appendix C), such as ketoconazole and erythromycin, or inducers (see Appendix C), such as St. John's wort, should be avoided during the study treatment.
* Pregnant women are excluded from this study because effect of combination VS-766, abemaciclib, and fulvestrant on a developing fetus is unknown. Breastfeeding should be discontinued prior to entry onto the study.
* Patients with the inability to swallow oral medications, impaired gastrointestinal absorption due to gastrectomy or other major surgical resection involving the stomach or small bowel, preexisting Crohn's disease or ulcerative colitis or a preexisting chronic condition resulting in baseline Grade 2 or higher diarrhea, or other medical issue that would impact absorption of oral medication in the opinion of the investigator.
* Patients with active systemic bacterial infection (requiring intravenous \[IV\] antibiotics at time of initiating study treatment), or fungal infection (requiring IV antifungal treatment at time of initiating study treatment), or severe acute respiratory syndrome from coronavirus 2 (SARS-Cov2) infection ≤28 days prior to first dose of study treatment.
* Patients on treatment with warfarin. Individuals on treatment with warfarin must be transitioned to anticoagulation instead with low-molecular-weight heparin or a direct oral anticoagulant prior to first dose of study treatment.
* Any other serious and/or uncontrolled preexisting medical condition(s) (e.g. interstitial lung disease, severe dyspnea at rest or requiring oxygen therapy, other cardiac, gastrointestinal, pulmonary, psychiatric, neurological, or genetic conditions, etc.) that in the opinion of the Investigator would place the patient at unacceptably high risk for toxicity and therefore preclude participation in this study.",1,Age range allowed: >18 years. Sex allowed: Male or Female. Cancer type allowed: invasive breast cancer. Histology allowed: NA. Cancer burden allowed: metastatic or locally recurrent unresectable. Prior treatment required: progression on a cyclin-dependent kinase 4/6 inhibitor-containing regimen (in the metastatic setting or relapse/progression during or within 12 months of completion of an adjuvant cyclin-dependent kinase 4/6 inhibitor-containing regimen) AND progression on fulvestrant (as a single agent or as a component of any multi-drug regimen) in the metastatic setting. Prior treatment excluded: MEK inhibitor. Biomarkers required: hormone receptor positive (assessed during screening) and HER2 negative (assessed during screening). Biomarkers excluded: NA.,"Poor performance status (ECOG >= 2).
Active brain metastases or known carcinomatous meningitis.
Discontinuation of prior abemaciclib for toxicity (at any dose for Phase I participants; at or above the RP2 dose level for Phase II participants).
Discontinuation of prior fulvestrant for toxicity.
Pre-existing ocular pathology (including glaucoma, retinal vein occlusion, retinal pathology, intraocular pressure > 21 mm Hg, corneal erosion, corneal degeneration, active or recurrent keratitis, or other serious ocular surface inflammatory conditions).
History of rhabdomyolysis or neuromuscular disorders associated with elevated creatine phosphokinase (eg inflammatory myopathies, muscular dystrophy, amyotrophic lateral sclerosis, spinal muscular atrophy).
Uncontrolled intercurrent illness (including uncontrolled hypertension, unstable angina pectoris, uncontrolled cardiac arrhythmia, congestive heart failure New York Heart Association Class III or IV, active ischemic heart disease, myocardial infarction within the previous six months, syncope of cardiovascular etiology, ventricular arrhythmia of pathological origin, uncontrolled diabetes mellitus, severe obstructive pulmonary disease, or severe chronic liver or renal disease).
History of a second malignancy (unless disease-free for at least 5 years and low risk for recurrence, or cervical cancer in situ or non-melanoma skin cancer diagnosed and treated within 5 years with no recurrence for 1 year).
History of allergic reactions to VS-6766, abemaciclib, or fulvestrant.
Known history of HIV with an AIDS-defining opportunistic infection within the past 12 months or requiring strong CYP3A4 inhibitor/inducer antiretroviral therapy.
Known active hepatitis B virus (HBV) or hepatitis C virus (HCV) infection (unless suppressive therapy is used for HBV or curative treatment was completed for HCV).
Exposure to strong CYP3A4 inhibitors or inducers.
Pregnancy or breastfeeding.
Inability to swallow oral medications or impaired gastrointestinal absorption (eg gastrectomy, major surgical resection of stomach or small bowel, preexisting Crohn's disease, ulcerative colitis, or baseline Grade 2 or higher diarrhea).
Active systemic bacterial infection requiring intravenous antibiotics, fungal infection requiring intravenous antifungals, or severe acute respiratory syndrome from coronavirus 2 (SARS-Cov2) infection <= 28 days prior to first dose.
Treatment with warfarin.
Other serious or uncontrolled preexisting medical conditions (eg interstitial lung disease, severe dyspnea at rest or requiring oxygen therapy, other cardiac, gastrointestinal, pulmonary, psychiatric, neurological, or genetic conditions).
Marrow or organ dysfunction (including absolute neutrophil count < 1.5 x 10^9/L, platelets < 100,000/microliter, hemoglobin < 9 g/dL, total bilirubin > 1.5 mg/dL, AST/ALT > 2.5 x ULN, creatinine clearance rate < 50 mL/min, INR > 1.5, PTT > 1.5 x ULN, creatine phosphokinase > 2.5 x ULN, left ventricular ejection fraction < 50%, or baseline QTc interval >= 480 ms)."
12019,NCT05785741,2,True,"Age: 52
Sex: Female
Cancer type: Breast cancer
Histology: Infiltrating ductal carcinoma
Current extent: Metastatic (liver, lungs, and L4 vertebra); CA 27-29 38 U/mL (2026-05-14), trending downward
Biomarkers: ER 80%, PR 70%, HER2 IHC 0, Ki-67 22%, PIK3CA p.H1047R, ESR1 p.D538G, TP53 p.R175H, GATA3 p.R361C, CDK4 amplification, FGFR1 amplification, BRCA1 wild-type, BRCA2 wild-type, AKT1 wild-type, KRAS wild-type, NRAS wild-type, BRAF wild-type, MSI stable, TMB 4 mut/Mb
Treatment history:
# 2021-06-23-2023-09-09: letrozole + ribociclib; best response partial response
# 2023-09-09-2024-05-01: letrozole; stable disease
# 2024-05-01-2025-05-02: fulvestrant + everolimus; best response partial response
# 2025-05-02-2025-09-28: fulvestrant; progressive disease
# 2025-09-28-present: alpelisib + fulvestrant; best response partial response
# 2025-05-02-present: zoledronic acid","Hypertension, hyperlipidemia, Grade 2 ribociclib-associated hepatotoxicity (2023-09-09), Grade 2 everolimus-associated stomatitis and hyperglycemia, Grade 1 zoledronic acid infusion reaction, Grade 1-2 transaminitis, hyperglycemia (HbA1c 7.2%), ECOG 1.","A Phase 1/2a, Multicenter, Open-Label, First in Human Study to Assess the Safety, Tolerability, Pharmacokinetics, and Preliminary Antitumor Activity of DB-1310 in Subjects With Advanced/Metastatic Solid Tumors",This is a dose-escalation and dose-expansion Phase 1/2a trial to evaluate the safety and tolerability of DB-1310 in subjects with advanced solid tumors.,"Inclusion Criteria:

1. Male or female adults (defined as ≥ 18 years of age or acceptable age according to local regulations at the time of voluntarily signing of informed consent).
2. Have relapsed or progressed on or after standard systemic treatments, or intolerable with standard treatment, or for which no standard treatment is available. Documented radiological disease progression during/after most recent treatment regimen for advanced/unresectable, or metastatic disease.
3. At least one measurable lesion as assessed by the investigator according to response evaluation criteria in solid tumors (RECIST) version 1.1 criteria.
4. Has a life expectancy of ≥ 3 months.
5. Has an Eastern Cooperative Oncology Group (ECOG) performance status (PS) of 0-1.
6. Has LVEF ≥ 50% by either echocardiography (ECHO) or multiple-gated acquisition (MUGA) within 28 days before enrollment.
7. Has adequate organ functions within 7 days prior to Day 1 of Cycle 1.
8. Has adequate treatment washout period prior to Day 1 of Cycle 1.
9. Is willing to provide pre-existing resected tumor samples or undergo fresh tumor biopsy for the measurement of HER3 level and other biomarkers if no contraindication. For HER2 IHC 0 breast cancer subjects, it is highly recommended to collect additional tumor sample (Refer to Lab Manual).
10. Is capable of comprehending study procedures and risks outlined in the informed consent and able to provide written consent and agree to comply with the requirements of the study and the schedule of assessments.
11. Male and female subjects of reproductive/childbearing potential must agree to use adequate contraceptive methods (e.g., double barrier or intrauterine contraceptive) during the study and for at least 4 months and 7 months after the last dose of study drug, respectively.

    Females must be using highly effective contraceptive measures during the study and for at least 7 months after the last dosing of study drug, and must have a negative pregnancy test prior to start of dosing if of child-bearing potential, or must have evidence of non-child-bearing potential by fulfilling one of the following criteria at screening:
    * Post-menopausal defined as aged 50 years or more and amenorrhoeic for at least 12 months following cessation of all exogenous hormonal treatments
    * Women under 50 years old would be considered postmenopausal if they have been amenorrhoeic for 12 months or more following cessation of exogenous hormonal treatments and with LH and FSH levels in the post-menopausal range for the institution
    * Documentation of irreversible surgical sterilization by hysterectomy, bilateral oophorectomy or bilateral salpingectomy but not tubal ligation
12. Male subjects must not freeze or donate sperm starting at screening and throughout the study period, and at least 4 months after the final study drug administration.
13. Female subjects must not donate, or retrieve for their own use, ova from the time of screening and throughout the study treatment period, and for at least 7 months after the final study drug administration.

Exclusion Criteria:

1. Prior treatment with HER3 targeted therapy.
2. Prior treatment with antibody drug conjugate with topoisomerase I inhibitor (except trastuzumab deruxtecantopoisomerase I inhibitor HER2 ADC for backfilled subjects in Combo A of Phase 1 and subjects in Cohort 2e of Phase 2a, and not applicable for subjects enrolled for DLT observation in Phase 1).
3. Has a medical history of symptomatic congestive heart failure (CHF) (New York Heart Association \[NYHA\] classes II-IV) or serious cardiac arrhythmia requiring treatment.
4. Has a medical history of myocardial infarction or unstable angina within 6 months before enrollment.
5. Has any clinically important abnormalities in rhythm, conduction or morphology of resting electrocardiogram (ECG), e.g., complete left bundle branch block, third-degree heart block, second-degree heart block, or PR interval \> 250 milliseconds (ms).
6. Has an average of Fredericia's formula-QT corrected interval (QTcF) prolongation to \> 470 millisecond (ms) in males and females based on a 12-lead electrocardiogram (ECG) in triplicate.
7. Unable or unwilling to discontinue concomitant drugs that are known to prolong the QT interval.

   For Combo B of Phase 1 and Cohort 2g, 2k of Phase 2a, patients currently receiving (or unable to stop use prior to receiving the first dose of Osimertinib) medications or herbal supplements known to be strong inducers of CYP3A4 (at least 3-week prior) (refer to Section 6.9.1) are ineligible, and all patients must try to avoid concomitant use of any medications, herbal supplements and/or ingestion of foods with known inducer effects on CYP3A4.
8. Has a history of (non-infectious) ILD/pneumonitis and/or radiation pneumonitis that required steroids, has current ILD/pneumonitis and/or radiation pneumonitis, or where suspected ILD/pneumonitis and/or radiation pneumonitis cannot be ruled out by imaging at screening.
9. Have a lung-specific intercurrent clinically significant illness including, but not limited to, any underlying pulmonary disorder (e.g., pulmonary emboli within 3 months prior to Cycle 1 Day 1, severe asthma, severe chronic obstructive pulmonary disorder, restrictive lung disease, significant pleural effusion etc.), and any autoimmune, connective tissue or inflammatory disorder with pulmonary involvement (e.g., rheumatoid arthritis, Sjogren's syndrome, sarcoidosis etc.), and/or prior pneumonectomy (complete).
10. Has an uncontrolled infection requiring intravenous injection of antibiotics, antivirals, or antifungals.
11. Has clinically significant corneal disease.
12. Know human immunodeficiency virus (HIV) infection.
13. Subjects have active viral (any etiology) hepatitis are excluded. However, subjects with positive hepatitis B surface antigen (HBsAg) who have the HBV DNA (viral load) below the lower limit quantification or HBV DNA titer \< 1000 cps/mL or 100 IU/mL per local testing and are not currently on viral suppressive therapy may be eligible and should be discussed with the Sponsor's Medical Monitor. However, subjects with a history of hepatitis C virus (HCV) infection who have completed curative antiviral treatment and have the HCV RNA below the lower limit of quantification per local testing are eligible for study entry.
14. Is a lactating mother (women who are willing to temporarily interrupt breastfeeding will also be excluded), or pregnant as confirmed by serum pregnancy tests performed within 7 days prior to Cycle 1 Day 1.
15. Has clinically active brain metastases, defined as untreated and symptomatic, or requiring therapy with steroids or anticonvulsants to control associated symptoms. However, subjects with asymptomatic central nervous system (CNS) metastases who are radiologically and neurologically stable for at least 4 weeks following CNS-directed therapy, and who are on stable or decreasing doses of corticosteroids equivalent to ≤10 mg/day prednisone are eligible for study entry.
16. Has unresolved toxicities from previous anticancer therapy, defined as toxicities (other than alopecia) not yet resolved to NCI-CTCAE version 5.0, grade ≤ 1 or baseline. Subjects with chronic Grade 2 toxicities (e.g., Grade 2 neuropathy) may be eligible based on the discussion and agreement between Investigator and Sponsor.
17. Has multiple primary malignancies within 3 years before enrollment, except adequately resected non-melanoma skin cancer (e.g., resected basal or squamous cell skin cancer), curatively treated in-situ disease (e.g., carcinoma in situ of the cervix or breast), other solid tumors curatively treated (e.g., superficial bladder cancer), or contralateral breast cancer.
18. Has substance abuse or any other medical conditions that would increase the safety risk to the subject or interfere with participation or evaluation of the clinical study in the opinion of the investigator.
19. Has known hypersensitivity to either the drug substances or inactive ingredients in the drug product.
20. Patients with other reasons that, in the opinion of the Investigator, make them unsuitable to participate in this study.

NOTE: Other protocol defined Inclusion/Exclusion criteria may apply.",1,Age range allowed: 18 years or older. Sex allowed: Male or Female. Cancer type allowed: Solid tumors. Histology allowed: NA. Cancer burden allowed: Advanced or metastatic. Prior treatment required: Relapsed or progressed on or after standard systemic treatments or intolerable with standard treatment or no standard treatment available. Prior treatment excluded: Prior treatment with HER3 targeted therapy or prior treatment with antibody drug conjugate with topoisomerase I inhibitor. Biomarkers required: NA. Biomarkers excluded: NA.,"Poor performance status (eg ECOG >1).
Left ventricular ejection fraction (LVEF) < 50%.
Inadequate organ functions.
Symptomatic congestive heart failure (New York Heart Association classes II-IV) or serious cardiac arrhythmia requiring treatment.
Myocardial infarction or unstable angina within 6 months before enrollment.
Clinically important abnormalities in rhythm, conduction or morphology of resting electrocardiogram (eg, complete left bundle branch block, third-degree heart block, second-degree heart block, or PR interval > 250 milliseconds).
Average Fredericia's formula-QT corrected interval (QTcF) prolongation > 470 milliseconds.
Unable or unwilling to discontinue concomitant drugs known to prolong the QT interval.
Current use of medications or herbal supplements known to be strong inducers of CYP3A4.
History of (non-infectious) interstitial lung disease (ILD), pneumonitis, and/or radiation pneumonitis that required steroids, current ILD/pneumonitis and/or radiation pneumonitis, or suspected ILD/pneumonitis and/or radiation pneumonitis that cannot be ruled out by imaging.
Lung-specific intercurrent clinically significant illness (eg, pulmonary emboli within 3 months prior to Cycle 1 Day 1, severe asthma, severe chronic obstructive pulmonary disorder, restrictive lung disease, significant pleural effusion, autoimmune, connective tissue or inflammatory disorder with pulmonary involvement, or prior complete pneumonectomy).
Uncontrolled infection requiring intravenous injection of antibiotics, antivirals, or antifungals.
Clinically significant corneal disease.
Known human immunodeficiency virus (HIV) infection.
Active viral hepatitis (excluding HBsAg positive subjects with HBV DNA < 1000 cps/mL or 100 IU/mL and not on viral suppressive therapy, and excluding history of hepatitis C virus infection who completed curative treatment and have HCV RNA below the lower limit of quantification).
Pregnant or lactating.
Clinically active brain metastases (defined as untreated and symptomatic, or requiring therapy with steroids or anticonvulsants to control associated symptoms).
Unresolved toxicities from previous anticancer therapy (grade > 1 per NCI-CTCAE version 5.0, except for alopecia).
Multiple primary malignancies within 3 years before enrollment (except adequately resected non-melanoma skin cancer, curatively treated in-situ disease, other curatively treated solid tumors, or contralateral breast cancer).
Substance abuse or other medical conditions that increase safety risk or interfere with participation.
Known hypersensitivity to drug substances or inactive ingredients."
12019,NCT06234423,3,True,"Age: 52
Sex: Female
Cancer type: Breast cancer
Histology: Infiltrating ductal carcinoma
Current extent: Metastatic (liver, lungs, and L4 vertebra); CA 27-29 38 U/mL (2026-05-14), trending downward
Biomarkers: ER 80%, PR 70%, HER2 IHC 0, Ki-67 22%, PIK3CA p.H1047R, ESR1 p.D538G, TP53 p.R175H, GATA3 p.R361C, CDK4 amplification, FGFR1 amplification, BRCA1 wild-type, BRCA2 wild-type, AKT1 wild-type, KRAS wild-type, NRAS wild-type, BRAF wild-type, MSI stable, TMB 4 mut/Mb
Treatment history:
# 2021-06-23-2023-09-09: letrozole + ribociclib; best response partial response
# 2023-09-09-2024-05-01: letrozole; stable disease
# 2024-05-01-2025-05-02: fulvestrant + everolimus; best response partial response
# 2025-05-02-2025-09-28: fulvestrant; progressive disease
# 2025-09-28-present: alpelisib + fulvestrant; best response partial response
# 2025-05-02-present: zoledronic acid","Hypertension, hyperlipidemia, Grade 2 ribociclib-associated hepatotoxicity (2023-09-09), Grade 2 everolimus-associated stomatitis and hyperglycemia, Grade 1 zoledronic acid infusion reaction, Grade 1-2 transaminitis, hyperglycemia (HbA1c 7.2%), ECOG 1.","A Phase 1, First-in-Human Study of CUSP06, a Cadherin-6 (CDH6)-Directed Antibody-Drug Conjugate, in Patients With Platinum-Refractory/Resistant Ovarian Cancer and Other Advanced Solid Tumors","This phase 1 study will evaluate the safety, tolerability, pharmacokinetics, and efficacy of CUSP06 in patients with platinum-refractory/resistant ovarian cancer and other advanced solid tumors.","Inclusion Criteria:

* Written informed consent provided prior to any screening procedures.
* Male or female patients, ≥18 years of age at the time of obtaining informed consent.
* Patients with histologically or cytologically confirmed advanced solid tumors previously treated with standard of care systemic therapy, or for whom no standard therapy is available.
* Willingness to provide archival tumor tissue collected within the previous 2 years, when available. If no archival tissue is available that was collected within a 2 year timeframe, willingness to undergo a pretreatment biopsy if medically feasible and safe.

  * For patients on Phase 1b dose expansion, willingness to undergo pre- and on-treatment biopsies if medically feasible and safe.
* Measurable disease per RECIST 1.1.
* Eastern Cooperative Oncology Group (ECOG) performance status of 0 or 1 and life expectancy of ≥12 weeks.
* Adequate organ function as defined by:

  * Absolute neutrophil count (ANC) ≥1.5 x 109/L (1500/µL), without colony-stimulating factor support for the past 14 days.
  * Platelets ≥100.0 x 109/L (100 000/µL).
  * Hemoglobin ≥9.0 g/dL (without blood transfusion in 2-week period prior to screening laboratory tests).
  * Creatinine clearance (CrCl) ≥45 mL/min as calculated by the Cockcroft-Gault method.
  * Serum total bilirubin ≤ 1.5 x the upper limit of normal (ULN).
  * Aspartate aminotransferase (AST) ≤2.5 x ULN; alanine aminotransferase (ALT) ≤ 2.5 x ULN.
  * International normalized ratio (INR) ≤ 1.5; activated partial thromboplastin time (aPTT) ≤ 1.5 x ULN.
  * Left ventricular ejection fraction (LVEF) ≥50% as per echocardiography (ECHO) or multi-gated acquisition scan (MUGA).
  * Q wave to T wave (QT) interval corrected for heart rate (QTc) ≤480 ms (Fridericia's formula).
* Women of child-bearing potential (WCBP), defined as a sexually mature woman who has not undergone surgical sterilization or who has not been naturally postmenopausal for at least 12 consecutive months (i.e., who has had menses any time in the preceding 12 consecutive months) must agree to use 2 effective contraceptive methods; examples include oral, parenteral, or implantable hormonal contraceptive, intra-uterine device, barrier contraceptive with spermicide, partner's latex (or polyisoprene, if latex allergy) condom or vasectomy while on study treatment and for at least 12 weeks after the last dose of the study drug.

  * WCBP must have a negative serum pregnancy test within 72 hours prior to first dose of the study drug.
  * Male patients must agree to use a latex (or polyisoprene, if latex allergy) condom, even if they had a successful vasectomy, while on study treatment and for at least 12 weeks after the last dose of the study drug.
* Patients must be willing and able to sign the informed consent form, and to adhere to the study visit schedule and other protocol requirements.

Exclusion Criteria:

* Prior treatment an ADC with a topoisomerase I (TOP1) payload.
* Active or progressing brain metastases or evidence of leptomeningeal disease. Stable/treated brain metastases are permitted (defined as history of brain metastases previously treated with surgical resection or stereotactic radiosurgery, stable on baseline screening study MRI brain for at least 2 months (compared to comparator MRI brain) and asymptomatic without requirement for steroids or antiseizure medications.
* Persistent toxicities from previous systemic antineoplastic treatments of Grade \>1, excluding alopecia and vitiligo.
* Systemic antineoplastic therapy within 5 half-lives or 4 weeks, whichever is shorter, prior to first dose of the study drug, including investigational agents.
* Wide-field radiotherapy (e.g., \>30% of marrow-bearing bones) within 4 weeks, or focal radiation with palliative intent outside the field of measurable disease within 2 weeks prior to first dose of the study drug.
* Major surgery (not including placement of vascular access device or tumor biopsies) within 4 weeks prior to first dose of study drug, or no recovery from side effects of such intervention.
* Has had clinically significant lung disease requiring systemic corticosteroid treatment within the last 6 months of randomization/registration (e.g., interstitial pneumonia, pneumonitis, pulmonary fibrosis, and severe radiation pneumonitis) or who are suspected to have such diseases by imaging at screening period.
* Patients with acute or chronic pancreatitis and/or any cirrhosis except cirrhosis diagnosed as Child-Pugh class A.
* Hepatic insufficiency manifesting as clinical jaundice, hepatic encephalopathy, and/or variceal bleed within 60 days prior to study entry.
* History of liver transplant.
* Prior allogeneic bone marrow transplantation.
* Significant cardiac disease, such as recent (within 6 months prior to first dose of the study drug) myocardial infarction or acute coronary syndromes (including unstable angina pectoris), congestive heart failure (New York Heart Association class III or IV), uncontrolled hypertension, uncontrolled cardiac arrhythmias, severe aortic stenosis.
* History of thromboembolic or cerebrovascular events, including transient ischemic attacks, cerebrovascular accidents, deep vein thrombosis, or pulmonary emboli within 3 months prior to first dose of the study drug.
* Acute and/or clinically significant bacterial, fungal, or viral infection including hepatitis B (HBV), hepatitis C (HCV), known human immunodeficiency virus (HIV).

  * Note: patients with chronic HBV, HCV or HIV infection will be eligible if they are considered upon a mutual agreement of the Investigator and the Medical Monitor as safe for enrollment and meet one of the following additional conditions:
  * Patients with HIV infection are on an established antiretroviral therapy for at least 4 weeks, and have CD4+ T-cell counts ≥350 cells/µL and HIV viral load \<400 copies/mL,
  * Patients with serologic evidence of chronic HBV infection receive concurrent anti-HBV therapy and have HBV viral load below the limit of quantification,
  * Patients with a history of HCV infection must have completed curative anti-HCV therapy and have HCV viral load below the limit of quantification,
  * Patients on concurrent anti-HCV therapy have HCV viral load below the limit of quantification.
* Known or suspected allergy to the study drug or any component of the study drug.
* Concurrent participation in another investigational clinical trial.
* Pregnant or breast-feeding females.
* Prior history of malignancy other than inclusion diagnosis within 3 years prior to first dose of the study drug.

  * Note: patients with adequately treated basal cell or squamous cell skin cancer, non-invasive superficial bladder cancer, in situ cervical cancer, in situ breast cancer, in situ prostate cancer may be eligible if have shown no evidence of active disease for 2 years prior to first dose of drug.
* Any other severe acute or chronic medical or psychiatric conditions or laboratory abnormality that may increase the risk associated with the study participation or the study drug administration or may interfere with the interpretation of study results and, in the judgment of the Investigator, would make the patient inappropriate for enrollment in this study.",2,Age range allowed: >=18 years. Sex allowed: Male or female. Cancer type allowed: Solid tumor. Histology allowed: NA. Cancer burden allowed: Advanced. Prior treatment required: Standard of care systemic therapy or no standard therapy available. Prior treatment excluded: Antibody-drug conjugate with a topoisomerase I payload. Biomarkers required: NA. Biomarkers excluded: NA.,"Poor performance status (ECOG > 1).
Active or progressing brain metastases or evidence of leptomeningeal disease.
Persistent toxicities from previous systemic antineoplastic treatments of Grade > 1, excluding alopecia and vitiligo.
Clinically significant lung disease requiring systemic corticosteroid treatment (e.g., interstitial pneumonia, pneumonitis, pulmonary fibrosis, and severe radiation pneumonitis) or suspected such diseases by imaging at screening.
Acute or chronic pancreatitis and/or any cirrhosis except Child-Pugh class A.
Hepatic insufficiency manifesting as clinical jaundice, hepatic encephalopathy, and/or variceal bleed.
History of liver transplant.
Prior allogeneic bone marrow transplantation.
Significant cardiac disease (e.g., recent myocardial infarction, acute coronary syndromes, congestive heart failure New York Heart Association class III or IV, uncontrolled hypertension, uncontrolled cardiac arrhythmias, severe aortic stenosis).
History of thromboembolic or cerebrovascular events (e.g., transient ischemic attacks, cerebrovascular accidents, deep vein thrombosis, or pulmonary emboli).
Acute and/or clinically significant bacterial, fungal, or viral infection including hepatitis B, hepatitis C, or human immunodeficiency virus (unless meeting specific stability criteria).
Known or suspected allergy to the study drug or its components.
Concurrent participation in another investigational clinical trial.
Pregnancy or breast-feeding.
Prior history of malignancy other than inclusion diagnosis within 3 years (excluding adequately treated basal cell or squamous cell skin cancer, non-invasive superficial bladder cancer, in situ cervical cancer, in situ breast cancer, or in situ prostate cancer).
Any other severe acute or chronic medical or psychiatric conditions or laboratory abnormality that may increase risk or interfere with results."
12019,NCT05538130,4,True,"Age: 52
Sex: Female
Cancer type: Breast cancer
Histology: Infiltrating ductal carcinoma
Current extent: Metastatic (liver, lungs, and L4 vertebra); CA 27-29 38 U/mL (2026-05-14), trending downward
Biomarkers: ER 80%, PR 70%, HER2 IHC 0, Ki-67 22%, PIK3CA p.H1047R, ESR1 p.D538G, TP53 p.R175H, GATA3 p.R361C, CDK4 amplification, FGFR1 amplification, BRCA1 wild-type, BRCA2 wild-type, AKT1 wild-type, KRAS wild-type, NRAS wild-type, BRAF wild-type, MSI stable, TMB 4 mut/Mb
Treatment history:
# 2021-06-23-2023-09-09: letrozole + ribociclib; best response partial response
# 2023-09-09-2024-05-01: letrozole; stable disease
# 2024-05-01-2025-05-02: fulvestrant + everolimus; best response partial response
# 2025-05-02-2025-09-28: fulvestrant; progressive disease
# 2025-09-28-present: alpelisib + fulvestrant; best response partial response
# 2025-05-02-present: zoledronic acid","Hypertension, hyperlipidemia, Grade 2 ribociclib-associated hepatotoxicity (2023-09-09), Grade 2 everolimus-associated stomatitis and hyperglycemia, Grade 1 zoledronic acid infusion reaction, Grade 1-2 transaminitis, hyperglycemia (HbA1c 7.2%), ECOG 1.",A PHASE 1A/B OPEN-LABEL MASTER STUDY OF PF-07799544 AS A SINGLE-AGENT AND IN COMBINATION WITH OTHER TARGETED AGENTS IN PARTICIPANTS WITH ADVANCED SOLID TUMORS,"The purpose of this clinical trial is to learn the safety and effects of the study medicine (PF-07799544) administered as a single agent and in combination with other study medications in people with solid tumors. This study is seeking participants who have an advanced solid tumor for which the available treatments are no longer effective in controlling their cancer. All participants in this study will receive PF-07799544. PF-07799544 comes as a tablet to take by mouth daily (initially 2 times per day, but this could change to once daily or another frequency). Depending on the part of the study, participants may also receive another study medicine.

* In the first part of the study, people with melanoma or other solid tumors may also receive encorafenib. Encorafenib comes as a capsule and is taken once per day.
* In the second part of the study, people with melanoma or other cancers with abnormalities in a gene called ""BRAF"" will receive PF-07799544 with other study medicines (for example, PF-07799933).

Participants may receive the study medicines for about 2 years. The study team will monitor how each participant is doing with the study treatment during regular visits at the study clinic.","Inclusion Criteria:

* Diagnosis of advanced/metastatic solid tumor including primary brain tumor for monotherapy phase 1a dose escalation
* Disease progressed during/following last prior treatment and no satisfactory alternative treatment options for monotherapy phase 1a dose escalation
* For Substudy B, histological or cytological diagnosis of advanced/metastatic melanoma
* For Substudy C, unresectable or adv/metastatic solid tumor progressed on, or with demonstrated intolerance to SOC, excluding melanoma,
* For Substudy B and C, measurable disease by RECIST version 1.1
* For Substudy B, evidence of a BRAF V600 mutation or BRAF Class II/III alteration in tumor tissue and/or blood
* For Substudy C, evidence of a BRAF founder alteration (non-V600 Class II/III BRAF alteration)

Exclusion Criteria:

* Brain metastasis larger than 4 cm
* History or current evidence of retinal vein occlusion (RVO) or concurrent neuromuscular disorder associated with elevated creatine kinase (CK)",1,Age range allowed: NA. Sex allowed: Both. Cancer type allowed: Solid tumors. Histology allowed: NA. Cancer burden allowed: Advanced or metastatic (including primary brain tumor). Prior treatment required: Prior treatment followed by disease progression and no satisfactory alternative treatment options. Prior treatment excluded: NA. Biomarkers required: NA. Biomarkers excluded: NA.,"Brain metastasis larger than 4 cm
History or current evidence of retinal vein occlusion (RVO)
Concurrent neuromuscular disorder associated with elevated creatine kinase (CK)"
15687,NCT05785741,1,False,"Age: 68
Sex: Male
Cancer type: Lung cancer
Histology: Small cell carcinoma
Current extent: Metastatic (right lower lobe, mediastinal lymph nodes, L3 vertebra, right iliac crest, left adrenal gland, right femur, and liver); LDH 480 U/L (increasing)
Biomarkers: Synaptophysin positive, CD56 positive, Chromogranin A focal weak positive, Cytokeratin AE1/AE3 positive, Ki-67 85%, TTF-1 negative, PD-L1 <=1%, TP53 p.Val157Phe, RB1 exon 9-20 homozygous deletion, MYC amplification, STK11 p.Phe354Leu, CREBBP p.Arg1621His, EGFR negative, KRAS negative, NRAS negative, HRAS negative, ALK negative, ROS1 negative, RET negative, NTRK1/2/3 negative
Treatment history:
# 2023-01 to 2023-10: carboplatin and etoposide (4 cycles); best response partial response
# 2023-01: palliative radiation (single 8 Gy fraction) to L3 vertebra
# 2023-12 to 2024-02: prophylactic cranial irradiation (20 Gy in 5 fractions)
# 2024-11 to 2025-06: amrubicin; best response stable disease
# 2025-06 to 2025-10: lurbinectedin; best response partial response (reduction in adrenal lesion)","ECOG 1-2. Hypertension. Hyperlipidemia. Osteoporosis. Grade 2 peripheral neuropathy. Cumulative myelosuppression (anemia, neutropenia, thrombocytopenia).","A Phase 1/2a, Multicenter, Open-Label, First in Human Study to Assess the Safety, Tolerability, Pharmacokinetics, and Preliminary Antitumor Activity of DB-1310 in Subjects With Advanced/Metastatic Solid Tumors",This is a dose-escalation and dose-expansion Phase 1/2a trial to evaluate the safety and tolerability of DB-1310 in subjects with advanced solid tumors.,"Inclusion Criteria:

1. Male or female adults (defined as ≥ 18 years of age or acceptable age according to local regulations at the time of voluntarily signing of informed consent).
2. Have relapsed or progressed on or after standard systemic treatments, or intolerable with standard treatment, or for which no standard treatment is available. Documented radiological disease progression during/after most recent treatment regimen for advanced/unresectable, or metastatic disease.
3. At least one measurable lesion as assessed by the investigator according to response evaluation criteria in solid tumors (RECIST) version 1.1 criteria.
4. Has a life expectancy of ≥ 3 months.
5. Has an Eastern Cooperative Oncology Group (ECOG) performance status (PS) of 0-1.
6. Has LVEF ≥ 50% by either echocardiography (ECHO) or multiple-gated acquisition (MUGA) within 28 days before enrollment.
7. Has adequate organ functions within 7 days prior to Day 1 of Cycle 1.
8. Has adequate treatment washout period prior to Day 1 of Cycle 1.
9. Is willing to provide pre-existing resected tumor samples or undergo fresh tumor biopsy for the measurement of HER3 level and other biomarkers if no contraindication. For HER2 IHC 0 breast cancer subjects, it is highly recommended to collect additional tumor sample (Refer to Lab Manual).
10. Is capable of comprehending study procedures and risks outlined in the informed consent and able to provide written consent and agree to comply with the requirements of the study and the schedule of assessments.
11. Male and female subjects of reproductive/childbearing potential must agree to use adequate contraceptive methods (e.g., double barrier or intrauterine contraceptive) during the study and for at least 4 months and 7 months after the last dose of study drug, respectively.

    Females must be using highly effective contraceptive measures during the study and for at least 7 months after the last dosing of study drug, and must have a negative pregnancy test prior to start of dosing if of child-bearing potential, or must have evidence of non-child-bearing potential by fulfilling one of the following criteria at screening:
    * Post-menopausal defined as aged 50 years or more and amenorrhoeic for at least 12 months following cessation of all exogenous hormonal treatments
    * Women under 50 years old would be considered postmenopausal if they have been amenorrhoeic for 12 months or more following cessation of exogenous hormonal treatments and with LH and FSH levels in the post-menopausal range for the institution
    * Documentation of irreversible surgical sterilization by hysterectomy, bilateral oophorectomy or bilateral salpingectomy but not tubal ligation
12. Male subjects must not freeze or donate sperm starting at screening and throughout the study period, and at least 4 months after the final study drug administration.
13. Female subjects must not donate, or retrieve for their own use, ova from the time of screening and throughout the study treatment period, and for at least 7 months after the final study drug administration.

Exclusion Criteria:

1. Prior treatment with HER3 targeted therapy.
2. Prior treatment with antibody drug conjugate with topoisomerase I inhibitor (except trastuzumab deruxtecantopoisomerase I inhibitor HER2 ADC for backfilled subjects in Combo A of Phase 1 and subjects in Cohort 2e of Phase 2a, and not applicable for subjects enrolled for DLT observation in Phase 1).
3. Has a medical history of symptomatic congestive heart failure (CHF) (New York Heart Association \[NYHA\] classes II-IV) or serious cardiac arrhythmia requiring treatment.
4. Has a medical history of myocardial infarction or unstable angina within 6 months before enrollment.
5. Has any clinically important abnormalities in rhythm, conduction or morphology of resting electrocardiogram (ECG), e.g., complete left bundle branch block, third-degree heart block, second-degree heart block, or PR interval \> 250 milliseconds (ms).
6. Has an average of Fredericia's formula-QT corrected interval (QTcF) prolongation to \> 470 millisecond (ms) in males and females based on a 12-lead electrocardiogram (ECG) in triplicate.
7. Unable or unwilling to discontinue concomitant drugs that are known to prolong the QT interval.

   For Combo B of Phase 1 and Cohort 2g, 2k of Phase 2a, patients currently receiving (or unable to stop use prior to receiving the first dose of Osimertinib) medications or herbal supplements known to be strong inducers of CYP3A4 (at least 3-week prior) (refer to Section 6.9.1) are ineligible, and all patients must try to avoid concomitant use of any medications, herbal supplements and/or ingestion of foods with known inducer effects on CYP3A4.
8. Has a history of (non-infectious) ILD/pneumonitis and/or radiation pneumonitis that required steroids, has current ILD/pneumonitis and/or radiation pneumonitis, or where suspected ILD/pneumonitis and/or radiation pneumonitis cannot be ruled out by imaging at screening.
9. Have a lung-specific intercurrent clinically significant illness including, but not limited to, any underlying pulmonary disorder (e.g., pulmonary emboli within 3 months prior to Cycle 1 Day 1, severe asthma, severe chronic obstructive pulmonary disorder, restrictive lung disease, significant pleural effusion etc.), and any autoimmune, connective tissue or inflammatory disorder with pulmonary involvement (e.g., rheumatoid arthritis, Sjogren's syndrome, sarcoidosis etc.), and/or prior pneumonectomy (complete).
10. Has an uncontrolled infection requiring intravenous injection of antibiotics, antivirals, or antifungals.
11. Has clinically significant corneal disease.
12. Know human immunodeficiency virus (HIV) infection.
13. Subjects have active viral (any etiology) hepatitis are excluded. However, subjects with positive hepatitis B surface antigen (HBsAg) who have the HBV DNA (viral load) below the lower limit quantification or HBV DNA titer \< 1000 cps/mL or 100 IU/mL per local testing and are not currently on viral suppressive therapy may be eligible and should be discussed with the Sponsor's Medical Monitor. However, subjects with a history of hepatitis C virus (HCV) infection who have completed curative antiviral treatment and have the HCV RNA below the lower limit of quantification per local testing are eligible for study entry.
14. Is a lactating mother (women who are willing to temporarily interrupt breastfeeding will also be excluded), or pregnant as confirmed by serum pregnancy tests performed within 7 days prior to Cycle 1 Day 1.
15. Has clinically active brain metastases, defined as untreated and symptomatic, or requiring therapy with steroids or anticonvulsants to control associated symptoms. However, subjects with asymptomatic central nervous system (CNS) metastases who are radiologically and neurologically stable for at least 4 weeks following CNS-directed therapy, and who are on stable or decreasing doses of corticosteroids equivalent to ≤10 mg/day prednisone are eligible for study entry.
16. Has unresolved toxicities from previous anticancer therapy, defined as toxicities (other than alopecia) not yet resolved to NCI-CTCAE version 5.0, grade ≤ 1 or baseline. Subjects with chronic Grade 2 toxicities (e.g., Grade 2 neuropathy) may be eligible based on the discussion and agreement between Investigator and Sponsor.
17. Has multiple primary malignancies within 3 years before enrollment, except adequately resected non-melanoma skin cancer (e.g., resected basal or squamous cell skin cancer), curatively treated in-situ disease (e.g., carcinoma in situ of the cervix or breast), other solid tumors curatively treated (e.g., superficial bladder cancer), or contralateral breast cancer.
18. Has substance abuse or any other medical conditions that would increase the safety risk to the subject or interfere with participation or evaluation of the clinical study in the opinion of the investigator.
19. Has known hypersensitivity to either the drug substances or inactive ingredients in the drug product.
20. Patients with other reasons that, in the opinion of the Investigator, make them unsuitable to participate in this study.

NOTE: Other protocol defined Inclusion/Exclusion criteria may apply.",1,Age range allowed: 18 years or older. Sex allowed: Male or Female. Cancer type allowed: Solid tumors. Histology allowed: NA. Cancer burden allowed: Advanced or metastatic. Prior treatment required: Relapsed or progressed on or after standard systemic treatments or intolerable with standard treatment or no standard treatment available. Prior treatment excluded: Prior treatment with HER3 targeted therapy or prior treatment with antibody drug conjugate with topoisomerase I inhibitor. Biomarkers required: NA. Biomarkers excluded: NA.,"Poor performance status (eg ECOG >1).
Left ventricular ejection fraction (LVEF) < 50%.
Inadequate organ functions.
Symptomatic congestive heart failure (New York Heart Association classes II-IV) or serious cardiac arrhythmia requiring treatment.
Myocardial infarction or unstable angina within 6 months before enrollment.
Clinically important abnormalities in rhythm, conduction or morphology of resting electrocardiogram (eg, complete left bundle branch block, third-degree heart block, second-degree heart block, or PR interval > 250 milliseconds).
Average Fredericia's formula-QT corrected interval (QTcF) prolongation > 470 milliseconds.
Unable or unwilling to discontinue concomitant drugs known to prolong the QT interval.
Current use of medications or herbal supplements known to be strong inducers of CYP3A4.
History of (non-infectious) interstitial lung disease (ILD), pneumonitis, and/or radiation pneumonitis that required steroids, current ILD/pneumonitis and/or radiation pneumonitis, or suspected ILD/pneumonitis and/or radiation pneumonitis that cannot be ruled out by imaging.
Lung-specific intercurrent clinically significant illness (eg, pulmonary emboli within 3 months prior to Cycle 1 Day 1, severe asthma, severe chronic obstructive pulmonary disorder, restrictive lung disease, significant pleural effusion, autoimmune, connective tissue or inflammatory disorder with pulmonary involvement, or prior complete pneumonectomy).
Uncontrolled infection requiring intravenous injection of antibiotics, antivirals, or antifungals.
Clinically significant corneal disease.
Known human immunodeficiency virus (HIV) infection.
Active viral hepatitis (excluding HBsAg positive subjects with HBV DNA < 1000 cps/mL or 100 IU/mL and not on viral suppressive therapy, and excluding history of hepatitis C virus infection who completed curative treatment and have HCV RNA below the lower limit of quantification).
Pregnant or lactating.
Clinically active brain metastases (defined as untreated and symptomatic, or requiring therapy with steroids or anticonvulsants to control associated symptoms).
Unresolved toxicities from previous anticancer therapy (grade > 1 per NCI-CTCAE version 5.0, except for alopecia).
Multiple primary malignancies within 3 years before enrollment (except adequately resected non-melanoma skin cancer, curatively treated in-situ disease, other curatively treated solid tumors, or contralateral breast cancer).
Substance abuse or other medical conditions that increase safety risk or interfere with participation.
Known hypersensitivity to drug substances or inactive ingredients."
15687,NCT05538130,2,True,"Age: 68
Sex: Male
Cancer type: Lung cancer
Histology: Small cell carcinoma
Current extent: Metastatic (right lower lobe, mediastinal lymph nodes, L3 vertebra, right iliac crest, left adrenal gland, right femur, and liver); LDH 480 U/L (increasing)
Biomarkers: Synaptophysin positive, CD56 positive, Chromogranin A focal weak positive, Cytokeratin AE1/AE3 positive, Ki-67 85%, TTF-1 negative, PD-L1 <=1%, TP53 p.Val157Phe, RB1 exon 9-20 homozygous deletion, MYC amplification, STK11 p.Phe354Leu, CREBBP p.Arg1621His, EGFR negative, KRAS negative, NRAS negative, HRAS negative, ALK negative, ROS1 negative, RET negative, NTRK1/2/3 negative
Treatment history:
# 2023-01 to 2023-10: carboplatin and etoposide (4 cycles); best response partial response
# 2023-01: palliative radiation (single 8 Gy fraction) to L3 vertebra
# 2023-12 to 2024-02: prophylactic cranial irradiation (20 Gy in 5 fractions)
# 2024-11 to 2025-06: amrubicin; best response stable disease
# 2025-06 to 2025-10: lurbinectedin; best response partial response (reduction in adrenal lesion)","ECOG 1-2. Hypertension. Hyperlipidemia. Osteoporosis. Grade 2 peripheral neuropathy. Cumulative myelosuppression (anemia, neutropenia, thrombocytopenia).",A PHASE 1A/B OPEN-LABEL MASTER STUDY OF PF-07799544 AS A SINGLE-AGENT AND IN COMBINATION WITH OTHER TARGETED AGENTS IN PARTICIPANTS WITH ADVANCED SOLID TUMORS,"The purpose of this clinical trial is to learn the safety and effects of the study medicine (PF-07799544) administered as a single agent and in combination with other study medications in people with solid tumors. This study is seeking participants who have an advanced solid tumor for which the available treatments are no longer effective in controlling their cancer. All participants in this study will receive PF-07799544. PF-07799544 comes as a tablet to take by mouth daily (initially 2 times per day, but this could change to once daily or another frequency). Depending on the part of the study, participants may also receive another study medicine.

* In the first part of the study, people with melanoma or other solid tumors may also receive encorafenib. Encorafenib comes as a capsule and is taken once per day.
* In the second part of the study, people with melanoma or other cancers with abnormalities in a gene called ""BRAF"" will receive PF-07799544 with other study medicines (for example, PF-07799933).

Participants may receive the study medicines for about 2 years. The study team will monitor how each participant is doing with the study treatment during regular visits at the study clinic.","Inclusion Criteria:

* Diagnosis of advanced/metastatic solid tumor including primary brain tumor for monotherapy phase 1a dose escalation
* Disease progressed during/following last prior treatment and no satisfactory alternative treatment options for monotherapy phase 1a dose escalation
* For Substudy B, histological or cytological diagnosis of advanced/metastatic melanoma
* For Substudy C, unresectable or adv/metastatic solid tumor progressed on, or with demonstrated intolerance to SOC, excluding melanoma,
* For Substudy B and C, measurable disease by RECIST version 1.1
* For Substudy B, evidence of a BRAF V600 mutation or BRAF Class II/III alteration in tumor tissue and/or blood
* For Substudy C, evidence of a BRAF founder alteration (non-V600 Class II/III BRAF alteration)

Exclusion Criteria:

* Brain metastasis larger than 4 cm
* History or current evidence of retinal vein occlusion (RVO) or concurrent neuromuscular disorder associated with elevated creatine kinase (CK)",1,Age range allowed: NA. Sex allowed: Both. Cancer type allowed: Solid tumors. Histology allowed: NA. Cancer burden allowed: Advanced or metastatic (including primary brain tumor). Prior treatment required: Prior treatment followed by disease progression and no satisfactory alternative treatment options. Prior treatment excluded: NA. Biomarkers required: NA. Biomarkers excluded: NA.,"Brain metastasis larger than 4 cm
History or current evidence of retinal vein occlusion (RVO)
Concurrent neuromuscular disorder associated with elevated creatine kinase (CK)"
15687,NCT06234423,3,False,"Age: 68
Sex: Male
Cancer type: Lung cancer
Histology: Small cell carcinoma
Current extent: Metastatic (right lower lobe, mediastinal lymph nodes, L3 vertebra, right iliac crest, left adrenal gland, right femur, and liver); LDH 480 U/L (increasing)
Biomarkers: Synaptophysin positive, CD56 positive, Chromogranin A focal weak positive, Cytokeratin AE1/AE3 positive, Ki-67 85%, TTF-1 negative, PD-L1 <=1%, TP53 p.Val157Phe, RB1 exon 9-20 homozygous deletion, MYC amplification, STK11 p.Phe354Leu, CREBBP p.Arg1621His, EGFR negative, KRAS negative, NRAS negative, HRAS negative, ALK negative, ROS1 negative, RET negative, NTRK1/2/3 negative
Treatment history:
# 2023-01 to 2023-10: carboplatin and etoposide (4 cycles); best response partial response
# 2023-01: palliative radiation (single 8 Gy fraction) to L3 vertebra
# 2023-12 to 2024-02: prophylactic cranial irradiation (20 Gy in 5 fractions)
# 2024-11 to 2025-06: amrubicin; best response stable disease
# 2025-06 to 2025-10: lurbinectedin; best response partial response (reduction in adrenal lesion)","ECOG 1-2. Hypertension. Hyperlipidemia. Osteoporosis. Grade 2 peripheral neuropathy. Cumulative myelosuppression (anemia, neutropenia, thrombocytopenia).","A Phase 1, First-in-Human Study of CUSP06, a Cadherin-6 (CDH6)-Directed Antibody-Drug Conjugate, in Patients With Platinum-Refractory/Resistant Ovarian Cancer and Other Advanced Solid Tumors","This phase 1 study will evaluate the safety, tolerability, pharmacokinetics, and efficacy of CUSP06 in patients with platinum-refractory/resistant ovarian cancer and other advanced solid tumors.","Inclusion Criteria:

* Written informed consent provided prior to any screening procedures.
* Male or female patients, ≥18 years of age at the time of obtaining informed consent.
* Patients with histologically or cytologically confirmed advanced solid tumors previously treated with standard of care systemic therapy, or for whom no standard therapy is available.
* Willingness to provide archival tumor tissue collected within the previous 2 years, when available. If no archival tissue is available that was collected within a 2 year timeframe, willingness to undergo a pretreatment biopsy if medically feasible and safe.

  * For patients on Phase 1b dose expansion, willingness to undergo pre- and on-treatment biopsies if medically feasible and safe.
* Measurable disease per RECIST 1.1.
* Eastern Cooperative Oncology Group (ECOG) performance status of 0 or 1 and life expectancy of ≥12 weeks.
* Adequate organ function as defined by:

  * Absolute neutrophil count (ANC) ≥1.5 x 109/L (1500/µL), without colony-stimulating factor support for the past 14 days.
  * Platelets ≥100.0 x 109/L (100 000/µL).
  * Hemoglobin ≥9.0 g/dL (without blood transfusion in 2-week period prior to screening laboratory tests).
  * Creatinine clearance (CrCl) ≥45 mL/min as calculated by the Cockcroft-Gault method.
  * Serum total bilirubin ≤ 1.5 x the upper limit of normal (ULN).
  * Aspartate aminotransferase (AST) ≤2.5 x ULN; alanine aminotransferase (ALT) ≤ 2.5 x ULN.
  * International normalized ratio (INR) ≤ 1.5; activated partial thromboplastin time (aPTT) ≤ 1.5 x ULN.
  * Left ventricular ejection fraction (LVEF) ≥50% as per echocardiography (ECHO) or multi-gated acquisition scan (MUGA).
  * Q wave to T wave (QT) interval corrected for heart rate (QTc) ≤480 ms (Fridericia's formula).
* Women of child-bearing potential (WCBP), defined as a sexually mature woman who has not undergone surgical sterilization or who has not been naturally postmenopausal for at least 12 consecutive months (i.e., who has had menses any time in the preceding 12 consecutive months) must agree to use 2 effective contraceptive methods; examples include oral, parenteral, or implantable hormonal contraceptive, intra-uterine device, barrier contraceptive with spermicide, partner's latex (or polyisoprene, if latex allergy) condom or vasectomy while on study treatment and for at least 12 weeks after the last dose of the study drug.

  * WCBP must have a negative serum pregnancy test within 72 hours prior to first dose of the study drug.
  * Male patients must agree to use a latex (or polyisoprene, if latex allergy) condom, even if they had a successful vasectomy, while on study treatment and for at least 12 weeks after the last dose of the study drug.
* Patients must be willing and able to sign the informed consent form, and to adhere to the study visit schedule and other protocol requirements.

Exclusion Criteria:

* Prior treatment an ADC with a topoisomerase I (TOP1) payload.
* Active or progressing brain metastases or evidence of leptomeningeal disease. Stable/treated brain metastases are permitted (defined as history of brain metastases previously treated with surgical resection or stereotactic radiosurgery, stable on baseline screening study MRI brain for at least 2 months (compared to comparator MRI brain) and asymptomatic without requirement for steroids or antiseizure medications.
* Persistent toxicities from previous systemic antineoplastic treatments of Grade \>1, excluding alopecia and vitiligo.
* Systemic antineoplastic therapy within 5 half-lives or 4 weeks, whichever is shorter, prior to first dose of the study drug, including investigational agents.
* Wide-field radiotherapy (e.g., \>30% of marrow-bearing bones) within 4 weeks, or focal radiation with palliative intent outside the field of measurable disease within 2 weeks prior to first dose of the study drug.
* Major surgery (not including placement of vascular access device or tumor biopsies) within 4 weeks prior to first dose of study drug, or no recovery from side effects of such intervention.
* Has had clinically significant lung disease requiring systemic corticosteroid treatment within the last 6 months of randomization/registration (e.g., interstitial pneumonia, pneumonitis, pulmonary fibrosis, and severe radiation pneumonitis) or who are suspected to have such diseases by imaging at screening period.
* Patients with acute or chronic pancreatitis and/or any cirrhosis except cirrhosis diagnosed as Child-Pugh class A.
* Hepatic insufficiency manifesting as clinical jaundice, hepatic encephalopathy, and/or variceal bleed within 60 days prior to study entry.
* History of liver transplant.
* Prior allogeneic bone marrow transplantation.
* Significant cardiac disease, such as recent (within 6 months prior to first dose of the study drug) myocardial infarction or acute coronary syndromes (including unstable angina pectoris), congestive heart failure (New York Heart Association class III or IV), uncontrolled hypertension, uncontrolled cardiac arrhythmias, severe aortic stenosis.
* History of thromboembolic or cerebrovascular events, including transient ischemic attacks, cerebrovascular accidents, deep vein thrombosis, or pulmonary emboli within 3 months prior to first dose of the study drug.
* Acute and/or clinically significant bacterial, fungal, or viral infection including hepatitis B (HBV), hepatitis C (HCV), known human immunodeficiency virus (HIV).

  * Note: patients with chronic HBV, HCV or HIV infection will be eligible if they are considered upon a mutual agreement of the Investigator and the Medical Monitor as safe for enrollment and meet one of the following additional conditions:
  * Patients with HIV infection are on an established antiretroviral therapy for at least 4 weeks, and have CD4+ T-cell counts ≥350 cells/µL and HIV viral load \<400 copies/mL,
  * Patients with serologic evidence of chronic HBV infection receive concurrent anti-HBV therapy and have HBV viral load below the limit of quantification,
  * Patients with a history of HCV infection must have completed curative anti-HCV therapy and have HCV viral load below the limit of quantification,
  * Patients on concurrent anti-HCV therapy have HCV viral load below the limit of quantification.
* Known or suspected allergy to the study drug or any component of the study drug.
* Concurrent participation in another investigational clinical trial.
* Pregnant or breast-feeding females.
* Prior history of malignancy other than inclusion diagnosis within 3 years prior to first dose of the study drug.

  * Note: patients with adequately treated basal cell or squamous cell skin cancer, non-invasive superficial bladder cancer, in situ cervical cancer, in situ breast cancer, in situ prostate cancer may be eligible if have shown no evidence of active disease for 2 years prior to first dose of drug.
* Any other severe acute or chronic medical or psychiatric conditions or laboratory abnormality that may increase the risk associated with the study participation or the study drug administration or may interfere with the interpretation of study results and, in the judgment of the Investigator, would make the patient inappropriate for enrollment in this study.",2,Age range allowed: >=18 years. Sex allowed: Male or female. Cancer type allowed: Solid tumor. Histology allowed: NA. Cancer burden allowed: Advanced. Prior treatment required: Standard of care systemic therapy or no standard therapy available. Prior treatment excluded: Antibody-drug conjugate with a topoisomerase I payload. Biomarkers required: NA. Biomarkers excluded: NA.,"Poor performance status (ECOG > 1).
Active or progressing brain metastases or evidence of leptomeningeal disease.
Persistent toxicities from previous systemic antineoplastic treatments of Grade > 1, excluding alopecia and vitiligo.
Clinically significant lung disease requiring systemic corticosteroid treatment (e.g., interstitial pneumonia, pneumonitis, pulmonary fibrosis, and severe radiation pneumonitis) or suspected such diseases by imaging at screening.
Acute or chronic pancreatitis and/or any cirrhosis except Child-Pugh class A.
Hepatic insufficiency manifesting as clinical jaundice, hepatic encephalopathy, and/or variceal bleed.
History of liver transplant.
Prior allogeneic bone marrow transplantation.
Significant cardiac disease (e.g., recent myocardial infarction, acute coronary syndromes, congestive heart failure New York Heart Association class III or IV, uncontrolled hypertension, uncontrolled cardiac arrhythmias, severe aortic stenosis).
History of thromboembolic or cerebrovascular events (e.g., transient ischemic attacks, cerebrovascular accidents, deep vein thrombosis, or pulmonary emboli).
Acute and/or clinically significant bacterial, fungal, or viral infection including hepatitis B, hepatitis C, or human immunodeficiency virus (unless meeting specific stability criteria).
Known or suspected allergy to the study drug or its components.
Concurrent participation in another investigational clinical trial.
Pregnancy or breast-feeding.
Prior history of malignancy other than inclusion diagnosis within 3 years (excluding adequately treated basal cell or squamous cell skin cancer, non-invasive superficial bladder cancer, in situ cervical cancer, in situ breast cancer, or in situ prostate cancer).
Any other severe acute or chronic medical or psychiatric conditions or laboratory abnormality that may increase risk or interfere with results."
16916000000,NCT05785741,1,True,"Age: 21
Sex: Male
Cancer type: Osteosarcoma
Histology: Conventional high-grade osteosarcoma
Current extent: Metastatic (solitary right lower lobe pulmonary metastasis; most recent size 1.6 cm on 2024-11-14, increasing from 1.4 cm)
Biomarkers: SATB2 positive, Vimentin positive, Osteocalcin positive, Ki-67 45-70%, Cytokeratin AE1/AE3 negative, S-100 negative, EMA negative, p63/p40 negative, TP53 p.Arg175His, PTEN p.Arg233*, RB1 homozygous loss, MDM2 amplification (6-fold), CDK4 amplification (5-fold), ERBB2 (HER2) amplification (8-fold), TMB 3.2 mut/Mb, MSI-stable. KRAS p.Gly12Asp, NF1, and ATRX mutations are variants of unknown significance.
Treatment history:
# 10/2020-01/2021: methotrexate, doxorubicin, cisplatin; best response greater than 90 percent necrosis on imaging
# 06/2021: Wide resection of right distal femur with endoprosthetic reconstruction; R0 resection, 85 percent necrosis
# 06/2021-07/2021: methotrexate, doxorubicin, cisplatin; achieved no evidence of disease
# 11/2022-04/2023: ifosfamide, etoposide; progressed
# 09/2023-11/2024: pembrolizumab; partial response (nodule decreased from 2.3 cm to 1.4 cm)
# 2024: Stereotactic body radiation therapy (SBRT) 30 Gy in 5 fractions to right lung lesion",ECOG 0. History of grade 2 immune-mediated colitis (resolved). History of grade 1 radiation dermatitis (resolved). Chronic mild leukopenia.,"A Phase 1/2a, Multicenter, Open-Label, First in Human Study to Assess the Safety, Tolerability, Pharmacokinetics, and Preliminary Antitumor Activity of DB-1310 in Subjects With Advanced/Metastatic Solid Tumors",This is a dose-escalation and dose-expansion Phase 1/2a trial to evaluate the safety and tolerability of DB-1310 in subjects with advanced solid tumors.,"Inclusion Criteria:

1. Male or female adults (defined as ≥ 18 years of age or acceptable age according to local regulations at the time of voluntarily signing of informed consent).
2. Have relapsed or progressed on or after standard systemic treatments, or intolerable with standard treatment, or for which no standard treatment is available. Documented radiological disease progression during/after most recent treatment regimen for advanced/unresectable, or metastatic disease.
3. At least one measurable lesion as assessed by the investigator according to response evaluation criteria in solid tumors (RECIST) version 1.1 criteria.
4. Has a life expectancy of ≥ 3 months.
5. Has an Eastern Cooperative Oncology Group (ECOG) performance status (PS) of 0-1.
6. Has LVEF ≥ 50% by either echocardiography (ECHO) or multiple-gated acquisition (MUGA) within 28 days before enrollment.
7. Has adequate organ functions within 7 days prior to Day 1 of Cycle 1.
8. Has adequate treatment washout period prior to Day 1 of Cycle 1.
9. Is willing to provide pre-existing resected tumor samples or undergo fresh tumor biopsy for the measurement of HER3 level and other biomarkers if no contraindication. For HER2 IHC 0 breast cancer subjects, it is highly recommended to collect additional tumor sample (Refer to Lab Manual).
10. Is capable of comprehending study procedures and risks outlined in the informed consent and able to provide written consent and agree to comply with the requirements of the study and the schedule of assessments.
11. Male and female subjects of reproductive/childbearing potential must agree to use adequate contraceptive methods (e.g., double barrier or intrauterine contraceptive) during the study and for at least 4 months and 7 months after the last dose of study drug, respectively.

    Females must be using highly effective contraceptive measures during the study and for at least 7 months after the last dosing of study drug, and must have a negative pregnancy test prior to start of dosing if of child-bearing potential, or must have evidence of non-child-bearing potential by fulfilling one of the following criteria at screening:
    * Post-menopausal defined as aged 50 years or more and amenorrhoeic for at least 12 months following cessation of all exogenous hormonal treatments
    * Women under 50 years old would be considered postmenopausal if they have been amenorrhoeic for 12 months or more following cessation of exogenous hormonal treatments and with LH and FSH levels in the post-menopausal range for the institution
    * Documentation of irreversible surgical sterilization by hysterectomy, bilateral oophorectomy or bilateral salpingectomy but not tubal ligation
12. Male subjects must not freeze or donate sperm starting at screening and throughout the study period, and at least 4 months after the final study drug administration.
13. Female subjects must not donate, or retrieve for their own use, ova from the time of screening and throughout the study treatment period, and for at least 7 months after the final study drug administration.

Exclusion Criteria:

1. Prior treatment with HER3 targeted therapy.
2. Prior treatment with antibody drug conjugate with topoisomerase I inhibitor (except trastuzumab deruxtecantopoisomerase I inhibitor HER2 ADC for backfilled subjects in Combo A of Phase 1 and subjects in Cohort 2e of Phase 2a, and not applicable for subjects enrolled for DLT observation in Phase 1).
3. Has a medical history of symptomatic congestive heart failure (CHF) (New York Heart Association \[NYHA\] classes II-IV) or serious cardiac arrhythmia requiring treatment.
4. Has a medical history of myocardial infarction or unstable angina within 6 months before enrollment.
5. Has any clinically important abnormalities in rhythm, conduction or morphology of resting electrocardiogram (ECG), e.g., complete left bundle branch block, third-degree heart block, second-degree heart block, or PR interval \> 250 milliseconds (ms).
6. Has an average of Fredericia's formula-QT corrected interval (QTcF) prolongation to \> 470 millisecond (ms) in males and females based on a 12-lead electrocardiogram (ECG) in triplicate.
7. Unable or unwilling to discontinue concomitant drugs that are known to prolong the QT interval.

   For Combo B of Phase 1 and Cohort 2g, 2k of Phase 2a, patients currently receiving (or unable to stop use prior to receiving the first dose of Osimertinib) medications or herbal supplements known to be strong inducers of CYP3A4 (at least 3-week prior) (refer to Section 6.9.1) are ineligible, and all patients must try to avoid concomitant use of any medications, herbal supplements and/or ingestion of foods with known inducer effects on CYP3A4.
8. Has a history of (non-infectious) ILD/pneumonitis and/or radiation pneumonitis that required steroids, has current ILD/pneumonitis and/or radiation pneumonitis, or where suspected ILD/pneumonitis and/or radiation pneumonitis cannot be ruled out by imaging at screening.
9. Have a lung-specific intercurrent clinically significant illness including, but not limited to, any underlying pulmonary disorder (e.g., pulmonary emboli within 3 months prior to Cycle 1 Day 1, severe asthma, severe chronic obstructive pulmonary disorder, restrictive lung disease, significant pleural effusion etc.), and any autoimmune, connective tissue or inflammatory disorder with pulmonary involvement (e.g., rheumatoid arthritis, Sjogren's syndrome, sarcoidosis etc.), and/or prior pneumonectomy (complete).
10. Has an uncontrolled infection requiring intravenous injection of antibiotics, antivirals, or antifungals.
11. Has clinically significant corneal disease.
12. Know human immunodeficiency virus (HIV) infection.
13. Subjects have active viral (any etiology) hepatitis are excluded. However, subjects with positive hepatitis B surface antigen (HBsAg) who have the HBV DNA (viral load) below the lower limit quantification or HBV DNA titer \< 1000 cps/mL or 100 IU/mL per local testing and are not currently on viral suppressive therapy may be eligible and should be discussed with the Sponsor's Medical Monitor. However, subjects with a history of hepatitis C virus (HCV) infection who have completed curative antiviral treatment and have the HCV RNA below the lower limit of quantification per local testing are eligible for study entry.
14. Is a lactating mother (women who are willing to temporarily interrupt breastfeeding will also be excluded), or pregnant as confirmed by serum pregnancy tests performed within 7 days prior to Cycle 1 Day 1.
15. Has clinically active brain metastases, defined as untreated and symptomatic, or requiring therapy with steroids or anticonvulsants to control associated symptoms. However, subjects with asymptomatic central nervous system (CNS) metastases who are radiologically and neurologically stable for at least 4 weeks following CNS-directed therapy, and who are on stable or decreasing doses of corticosteroids equivalent to ≤10 mg/day prednisone are eligible for study entry.
16. Has unresolved toxicities from previous anticancer therapy, defined as toxicities (other than alopecia) not yet resolved to NCI-CTCAE version 5.0, grade ≤ 1 or baseline. Subjects with chronic Grade 2 toxicities (e.g., Grade 2 neuropathy) may be eligible based on the discussion and agreement between Investigator and Sponsor.
17. Has multiple primary malignancies within 3 years before enrollment, except adequately resected non-melanoma skin cancer (e.g., resected basal or squamous cell skin cancer), curatively treated in-situ disease (e.g., carcinoma in situ of the cervix or breast), other solid tumors curatively treated (e.g., superficial bladder cancer), or contralateral breast cancer.
18. Has substance abuse or any other medical conditions that would increase the safety risk to the subject or interfere with participation or evaluation of the clinical study in the opinion of the investigator.
19. Has known hypersensitivity to either the drug substances or inactive ingredients in the drug product.
20. Patients with other reasons that, in the opinion of the Investigator, make them unsuitable to participate in this study.

NOTE: Other protocol defined Inclusion/Exclusion criteria may apply.",1,Age range allowed: 18 years or older. Sex allowed: Male or Female. Cancer type allowed: Solid tumors. Histology allowed: NA. Cancer burden allowed: Advanced or metastatic. Prior treatment required: Relapsed or progressed on or after standard systemic treatments or intolerable with standard treatment or no standard treatment available. Prior treatment excluded: Prior treatment with HER3 targeted therapy or prior treatment with antibody drug conjugate with topoisomerase I inhibitor. Biomarkers required: NA. Biomarkers excluded: NA.,"Poor performance status (eg ECOG >1).
Left ventricular ejection fraction (LVEF) < 50%.
Inadequate organ functions.
Symptomatic congestive heart failure (New York Heart Association classes II-IV) or serious cardiac arrhythmia requiring treatment.
Myocardial infarction or unstable angina within 6 months before enrollment.
Clinically important abnormalities in rhythm, conduction or morphology of resting electrocardiogram (eg, complete left bundle branch block, third-degree heart block, second-degree heart block, or PR interval > 250 milliseconds).
Average Fredericia's formula-QT corrected interval (QTcF) prolongation > 470 milliseconds.
Unable or unwilling to discontinue concomitant drugs known to prolong the QT interval.
Current use of medications or herbal supplements known to be strong inducers of CYP3A4.
History of (non-infectious) interstitial lung disease (ILD), pneumonitis, and/or radiation pneumonitis that required steroids, current ILD/pneumonitis and/or radiation pneumonitis, or suspected ILD/pneumonitis and/or radiation pneumonitis that cannot be ruled out by imaging.
Lung-specific intercurrent clinically significant illness (eg, pulmonary emboli within 3 months prior to Cycle 1 Day 1, severe asthma, severe chronic obstructive pulmonary disorder, restrictive lung disease, significant pleural effusion, autoimmune, connective tissue or inflammatory disorder with pulmonary involvement, or prior complete pneumonectomy).
Uncontrolled infection requiring intravenous injection of antibiotics, antivirals, or antifungals.
Clinically significant corneal disease.
Known human immunodeficiency virus (HIV) infection.
Active viral hepatitis (excluding HBsAg positive subjects with HBV DNA < 1000 cps/mL or 100 IU/mL and not on viral suppressive therapy, and excluding history of hepatitis C virus infection who completed curative treatment and have HCV RNA below the lower limit of quantification).
Pregnant or lactating.
Clinically active brain metastases (defined as untreated and symptomatic, or requiring therapy with steroids or anticonvulsants to control associated symptoms).
Unresolved toxicities from previous anticancer therapy (grade > 1 per NCI-CTCAE version 5.0, except for alopecia).
Multiple primary malignancies within 3 years before enrollment (except adequately resected non-melanoma skin cancer, curatively treated in-situ disease, other curatively treated solid tumors, or contralateral breast cancer).
Substance abuse or other medical conditions that increase safety risk or interfere with participation.
Known hypersensitivity to drug substances or inactive ingredients."
16916000000,NCT06234423,2,True,"Age: 21
Sex: Male
Cancer type: Osteosarcoma
Histology: Conventional high-grade osteosarcoma
Current extent: Metastatic (solitary right lower lobe pulmonary metastasis; most recent size 1.6 cm on 2024-11-14, increasing from 1.4 cm)
Biomarkers: SATB2 positive, Vimentin positive, Osteocalcin positive, Ki-67 45-70%, Cytokeratin AE1/AE3 negative, S-100 negative, EMA negative, p63/p40 negative, TP53 p.Arg175His, PTEN p.Arg233*, RB1 homozygous loss, MDM2 amplification (6-fold), CDK4 amplification (5-fold), ERBB2 (HER2) amplification (8-fold), TMB 3.2 mut/Mb, MSI-stable. KRAS p.Gly12Asp, NF1, and ATRX mutations are variants of unknown significance.
Treatment history:
# 10/2020-01/2021: methotrexate, doxorubicin, cisplatin; best response greater than 90 percent necrosis on imaging
# 06/2021: Wide resection of right distal femur with endoprosthetic reconstruction; R0 resection, 85 percent necrosis
# 06/2021-07/2021: methotrexate, doxorubicin, cisplatin; achieved no evidence of disease
# 11/2022-04/2023: ifosfamide, etoposide; progressed
# 09/2023-11/2024: pembrolizumab; partial response (nodule decreased from 2.3 cm to 1.4 cm)
# 2024: Stereotactic body radiation therapy (SBRT) 30 Gy in 5 fractions to right lung lesion",ECOG 0. History of grade 2 immune-mediated colitis (resolved). History of grade 1 radiation dermatitis (resolved). Chronic mild leukopenia.,"A Phase 1, First-in-Human Study of CUSP06, a Cadherin-6 (CDH6)-Directed Antibody-Drug Conjugate, in Patients With Platinum-Refractory/Resistant Ovarian Cancer and Other Advanced Solid Tumors","This phase 1 study will evaluate the safety, tolerability, pharmacokinetics, and efficacy of CUSP06 in patients with platinum-refractory/resistant ovarian cancer and other advanced solid tumors.","Inclusion Criteria:

* Written informed consent provided prior to any screening procedures.
* Male or female patients, ≥18 years of age at the time of obtaining informed consent.
* Patients with histologically or cytologically confirmed advanced solid tumors previously treated with standard of care systemic therapy, or for whom no standard therapy is available.
* Willingness to provide archival tumor tissue collected within the previous 2 years, when available. If no archival tissue is available that was collected within a 2 year timeframe, willingness to undergo a pretreatment biopsy if medically feasible and safe.

  * For patients on Phase 1b dose expansion, willingness to undergo pre- and on-treatment biopsies if medically feasible and safe.
* Measurable disease per RECIST 1.1.
* Eastern Cooperative Oncology Group (ECOG) performance status of 0 or 1 and life expectancy of ≥12 weeks.
* Adequate organ function as defined by:

  * Absolute neutrophil count (ANC) ≥1.5 x 109/L (1500/µL), without colony-stimulating factor support for the past 14 days.
  * Platelets ≥100.0 x 109/L (100 000/µL).
  * Hemoglobin ≥9.0 g/dL (without blood transfusion in 2-week period prior to screening laboratory tests).
  * Creatinine clearance (CrCl) ≥45 mL/min as calculated by the Cockcroft-Gault method.
  * Serum total bilirubin ≤ 1.5 x the upper limit of normal (ULN).
  * Aspartate aminotransferase (AST) ≤2.5 x ULN; alanine aminotransferase (ALT) ≤ 2.5 x ULN.
  * International normalized ratio (INR) ≤ 1.5; activated partial thromboplastin time (aPTT) ≤ 1.5 x ULN.
  * Left ventricular ejection fraction (LVEF) ≥50% as per echocardiography (ECHO) or multi-gated acquisition scan (MUGA).
  * Q wave to T wave (QT) interval corrected for heart rate (QTc) ≤480 ms (Fridericia's formula).
* Women of child-bearing potential (WCBP), defined as a sexually mature woman who has not undergone surgical sterilization or who has not been naturally postmenopausal for at least 12 consecutive months (i.e., who has had menses any time in the preceding 12 consecutive months) must agree to use 2 effective contraceptive methods; examples include oral, parenteral, or implantable hormonal contraceptive, intra-uterine device, barrier contraceptive with spermicide, partner's latex (or polyisoprene, if latex allergy) condom or vasectomy while on study treatment and for at least 12 weeks after the last dose of the study drug.

  * WCBP must have a negative serum pregnancy test within 72 hours prior to first dose of the study drug.
  * Male patients must agree to use a latex (or polyisoprene, if latex allergy) condom, even if they had a successful vasectomy, while on study treatment and for at least 12 weeks after the last dose of the study drug.
* Patients must be willing and able to sign the informed consent form, and to adhere to the study visit schedule and other protocol requirements.

Exclusion Criteria:

* Prior treatment an ADC with a topoisomerase I (TOP1) payload.
* Active or progressing brain metastases or evidence of leptomeningeal disease. Stable/treated brain metastases are permitted (defined as history of brain metastases previously treated with surgical resection or stereotactic radiosurgery, stable on baseline screening study MRI brain for at least 2 months (compared to comparator MRI brain) and asymptomatic without requirement for steroids or antiseizure medications.
* Persistent toxicities from previous systemic antineoplastic treatments of Grade \>1, excluding alopecia and vitiligo.
* Systemic antineoplastic therapy within 5 half-lives or 4 weeks, whichever is shorter, prior to first dose of the study drug, including investigational agents.
* Wide-field radiotherapy (e.g., \>30% of marrow-bearing bones) within 4 weeks, or focal radiation with palliative intent outside the field of measurable disease within 2 weeks prior to first dose of the study drug.
* Major surgery (not including placement of vascular access device or tumor biopsies) within 4 weeks prior to first dose of study drug, or no recovery from side effects of such intervention.
* Has had clinically significant lung disease requiring systemic corticosteroid treatment within the last 6 months of randomization/registration (e.g., interstitial pneumonia, pneumonitis, pulmonary fibrosis, and severe radiation pneumonitis) or who are suspected to have such diseases by imaging at screening period.
* Patients with acute or chronic pancreatitis and/or any cirrhosis except cirrhosis diagnosed as Child-Pugh class A.
* Hepatic insufficiency manifesting as clinical jaundice, hepatic encephalopathy, and/or variceal bleed within 60 days prior to study entry.
* History of liver transplant.
* Prior allogeneic bone marrow transplantation.
* Significant cardiac disease, such as recent (within 6 months prior to first dose of the study drug) myocardial infarction or acute coronary syndromes (including unstable angina pectoris), congestive heart failure (New York Heart Association class III or IV), uncontrolled hypertension, uncontrolled cardiac arrhythmias, severe aortic stenosis.
* History of thromboembolic or cerebrovascular events, including transient ischemic attacks, cerebrovascular accidents, deep vein thrombosis, or pulmonary emboli within 3 months prior to first dose of the study drug.
* Acute and/or clinically significant bacterial, fungal, or viral infection including hepatitis B (HBV), hepatitis C (HCV), known human immunodeficiency virus (HIV).

  * Note: patients with chronic HBV, HCV or HIV infection will be eligible if they are considered upon a mutual agreement of the Investigator and the Medical Monitor as safe for enrollment and meet one of the following additional conditions:
  * Patients with HIV infection are on an established antiretroviral therapy for at least 4 weeks, and have CD4+ T-cell counts ≥350 cells/µL and HIV viral load \<400 copies/mL,
  * Patients with serologic evidence of chronic HBV infection receive concurrent anti-HBV therapy and have HBV viral load below the limit of quantification,
  * Patients with a history of HCV infection must have completed curative anti-HCV therapy and have HCV viral load below the limit of quantification,
  * Patients on concurrent anti-HCV therapy have HCV viral load below the limit of quantification.
* Known or suspected allergy to the study drug or any component of the study drug.
* Concurrent participation in another investigational clinical trial.
* Pregnant or breast-feeding females.
* Prior history of malignancy other than inclusion diagnosis within 3 years prior to first dose of the study drug.

  * Note: patients with adequately treated basal cell or squamous cell skin cancer, non-invasive superficial bladder cancer, in situ cervical cancer, in situ breast cancer, in situ prostate cancer may be eligible if have shown no evidence of active disease for 2 years prior to first dose of drug.
* Any other severe acute or chronic medical or psychiatric conditions or laboratory abnormality that may increase the risk associated with the study participation or the study drug administration or may interfere with the interpretation of study results and, in the judgment of the Investigator, would make the patient inappropriate for enrollment in this study.",2,Age range allowed: >=18 years. Sex allowed: Male or female. Cancer type allowed: Solid tumor. Histology allowed: NA. Cancer burden allowed: Advanced. Prior treatment required: Standard of care systemic therapy or no standard therapy available. Prior treatment excluded: Antibody-drug conjugate with a topoisomerase I payload. Biomarkers required: NA. Biomarkers excluded: NA.,"Poor performance status (ECOG > 1).
Active or progressing brain metastases or evidence of leptomeningeal disease.
Persistent toxicities from previous systemic antineoplastic treatments of Grade > 1, excluding alopecia and vitiligo.
Clinically significant lung disease requiring systemic corticosteroid treatment (e.g., interstitial pneumonia, pneumonitis, pulmonary fibrosis, and severe radiation pneumonitis) or suspected such diseases by imaging at screening.
Acute or chronic pancreatitis and/or any cirrhosis except Child-Pugh class A.
Hepatic insufficiency manifesting as clinical jaundice, hepatic encephalopathy, and/or variceal bleed.
History of liver transplant.
Prior allogeneic bone marrow transplantation.
Significant cardiac disease (e.g., recent myocardial infarction, acute coronary syndromes, congestive heart failure New York Heart Association class III or IV, uncontrolled hypertension, uncontrolled cardiac arrhythmias, severe aortic stenosis).
History of thromboembolic or cerebrovascular events (e.g., transient ischemic attacks, cerebrovascular accidents, deep vein thrombosis, or pulmonary emboli).
Acute and/or clinically significant bacterial, fungal, or viral infection including hepatitis B, hepatitis C, or human immunodeficiency virus (unless meeting specific stability criteria).
Known or suspected allergy to the study drug or its components.
Concurrent participation in another investigational clinical trial.
Pregnancy or breast-feeding.
Prior history of malignancy other than inclusion diagnosis within 3 years (excluding adequately treated basal cell or squamous cell skin cancer, non-invasive superficial bladder cancer, in situ cervical cancer, in situ breast cancer, or in situ prostate cancer).
Any other severe acute or chronic medical or psychiatric conditions or laboratory abnormality that may increase risk or interfere with results."
16916000000,NCT05538130,3,True,"Age: 21
Sex: Male
Cancer type: Osteosarcoma
Histology: Conventional high-grade osteosarcoma
Current extent: Metastatic (solitary right lower lobe pulmonary metastasis; most recent size 1.6 cm on 2024-11-14, increasing from 1.4 cm)
Biomarkers: SATB2 positive, Vimentin positive, Osteocalcin positive, Ki-67 45-70%, Cytokeratin AE1/AE3 negative, S-100 negative, EMA negative, p63/p40 negative, TP53 p.Arg175His, PTEN p.Arg233*, RB1 homozygous loss, MDM2 amplification (6-fold), CDK4 amplification (5-fold), ERBB2 (HER2) amplification (8-fold), TMB 3.2 mut/Mb, MSI-stable. KRAS p.Gly12Asp, NF1, and ATRX mutations are variants of unknown significance.
Treatment history:
# 10/2020-01/2021: methotrexate, doxorubicin, cisplatin; best response greater than 90 percent necrosis on imaging
# 06/2021: Wide resection of right distal femur with endoprosthetic reconstruction; R0 resection, 85 percent necrosis
# 06/2021-07/2021: methotrexate, doxorubicin, cisplatin; achieved no evidence of disease
# 11/2022-04/2023: ifosfamide, etoposide; progressed
# 09/2023-11/2024: pembrolizumab; partial response (nodule decreased from 2.3 cm to 1.4 cm)
# 2024: Stereotactic body radiation therapy (SBRT) 30 Gy in 5 fractions to right lung lesion",ECOG 0. History of grade 2 immune-mediated colitis (resolved). History of grade 1 radiation dermatitis (resolved). Chronic mild leukopenia.,A PHASE 1A/B OPEN-LABEL MASTER STUDY OF PF-07799544 AS A SINGLE-AGENT AND IN COMBINATION WITH OTHER TARGETED AGENTS IN PARTICIPANTS WITH ADVANCED SOLID TUMORS,"The purpose of this clinical trial is to learn the safety and effects of the study medicine (PF-07799544) administered as a single agent and in combination with other study medications in people with solid tumors. This study is seeking participants who have an advanced solid tumor for which the available treatments are no longer effective in controlling their cancer. All participants in this study will receive PF-07799544. PF-07799544 comes as a tablet to take by mouth daily (initially 2 times per day, but this could change to once daily or another frequency). Depending on the part of the study, participants may also receive another study medicine.

* In the first part of the study, people with melanoma or other solid tumors may also receive encorafenib. Encorafenib comes as a capsule and is taken once per day.
* In the second part of the study, people with melanoma or other cancers with abnormalities in a gene called ""BRAF"" will receive PF-07799544 with other study medicines (for example, PF-07799933).

Participants may receive the study medicines for about 2 years. The study team will monitor how each participant is doing with the study treatment during regular visits at the study clinic.","Inclusion Criteria:

* Diagnosis of advanced/metastatic solid tumor including primary brain tumor for monotherapy phase 1a dose escalation
* Disease progressed during/following last prior treatment and no satisfactory alternative treatment options for monotherapy phase 1a dose escalation
* For Substudy B, histological or cytological diagnosis of advanced/metastatic melanoma
* For Substudy C, unresectable or adv/metastatic solid tumor progressed on, or with demonstrated intolerance to SOC, excluding melanoma,
* For Substudy B and C, measurable disease by RECIST version 1.1
* For Substudy B, evidence of a BRAF V600 mutation or BRAF Class II/III alteration in tumor tissue and/or blood
* For Substudy C, evidence of a BRAF founder alteration (non-V600 Class II/III BRAF alteration)

Exclusion Criteria:

* Brain metastasis larger than 4 cm
* History or current evidence of retinal vein occlusion (RVO) or concurrent neuromuscular disorder associated with elevated creatine kinase (CK)",1,Age range allowed: NA. Sex allowed: Both. Cancer type allowed: Solid tumors. Histology allowed: NA. Cancer burden allowed: Advanced or metastatic (including primary brain tumor). Prior treatment required: Prior treatment followed by disease progression and no satisfactory alternative treatment options. Prior treatment excluded: NA. Biomarkers required: NA. Biomarkers excluded: NA.,"Brain metastasis larger than 4 cm
History or current evidence of retinal vein occlusion (RVO)
Concurrent neuromuscular disorder associated with elevated creatine kinase (CK)"
1722,NCT05785741,1,False,"Age: 64
Sex: Male
Cancer type: Gastro-esophageal junction cancer
Histology: Poorly differentiated adenocarcinoma, signet-ring cell type
Current extent: Metastatic (liver, peritoneum, bone, and retroperitoneal lymph nodes) with malignant ascites. Most recent CEA 18 ng/mL (rising).
Biomarkers: HER2 IHC 3+, HER2 ISH amplified (copy number 9), Microsatellite Stable (MLH1, PMS2, MSH2, MSH6 retained), TMB 5 muts/Mb, TP53 p.Arg175His, CDH1 p.Glu738*, KRAS p.Gly12Asp, PIK3CA p.His1047Arg, ARID1A loss of heterozygosity, MET amplification (copy number 6), FGFR2 amplification (copy number 4), SMAD4 p.Arg361Cys, PD-L1 CPS 15
Treatment history:
# 2020-09 to 2021-05: capecitabine + oxaliplatin + trastuzumab; 8 cycles; best response partial metabolic response of primary tumor and stable disease in liver
# 2021: irinotecan + fluorouracil + leucovorin; 8 cycles; progressed to peritoneal carcinomatosis
# 2023-06-07: Palliative gastro-jejunostomy for malignant gastric outlet obstruction
# 2024-02: Palliative external beam radiation to L2 vertebra; achieved partial response
# 2024-07 to 2025-02: pembrolizumab; best response stable disease, progressed to hepatic, peritoneal, and nodal progression with malignant ascites",ECOG 1. Hypertension. Hyperlipidemia. Immune-related hypothyroidism (Grade 2). Grade 2 peripheral neuropathy. Former smoker. Grade 3 anemia.,"A Phase 1/2a, Multicenter, Open-Label, First in Human Study to Assess the Safety, Tolerability, Pharmacokinetics, and Preliminary Antitumor Activity of DB-1310 in Subjects With Advanced/Metastatic Solid Tumors",This is a dose-escalation and dose-expansion Phase 1/2a trial to evaluate the safety and tolerability of DB-1310 in subjects with advanced solid tumors.,"Inclusion Criteria:

1. Male or female adults (defined as ≥ 18 years of age or acceptable age according to local regulations at the time of voluntarily signing of informed consent).
2. Have relapsed or progressed on or after standard systemic treatments, or intolerable with standard treatment, or for which no standard treatment is available. Documented radiological disease progression during/after most recent treatment regimen for advanced/unresectable, or metastatic disease.
3. At least one measurable lesion as assessed by the investigator according to response evaluation criteria in solid tumors (RECIST) version 1.1 criteria.
4. Has a life expectancy of ≥ 3 months.
5. Has an Eastern Cooperative Oncology Group (ECOG) performance status (PS) of 0-1.
6. Has LVEF ≥ 50% by either echocardiography (ECHO) or multiple-gated acquisition (MUGA) within 28 days before enrollment.
7. Has adequate organ functions within 7 days prior to Day 1 of Cycle 1.
8. Has adequate treatment washout period prior to Day 1 of Cycle 1.
9. Is willing to provide pre-existing resected tumor samples or undergo fresh tumor biopsy for the measurement of HER3 level and other biomarkers if no contraindication. For HER2 IHC 0 breast cancer subjects, it is highly recommended to collect additional tumor sample (Refer to Lab Manual).
10. Is capable of comprehending study procedures and risks outlined in the informed consent and able to provide written consent and agree to comply with the requirements of the study and the schedule of assessments.
11. Male and female subjects of reproductive/childbearing potential must agree to use adequate contraceptive methods (e.g., double barrier or intrauterine contraceptive) during the study and for at least 4 months and 7 months after the last dose of study drug, respectively.

    Females must be using highly effective contraceptive measures during the study and for at least 7 months after the last dosing of study drug, and must have a negative pregnancy test prior to start of dosing if of child-bearing potential, or must have evidence of non-child-bearing potential by fulfilling one of the following criteria at screening:
    * Post-menopausal defined as aged 50 years or more and amenorrhoeic for at least 12 months following cessation of all exogenous hormonal treatments
    * Women under 50 years old would be considered postmenopausal if they have been amenorrhoeic for 12 months or more following cessation of exogenous hormonal treatments and with LH and FSH levels in the post-menopausal range for the institution
    * Documentation of irreversible surgical sterilization by hysterectomy, bilateral oophorectomy or bilateral salpingectomy but not tubal ligation
12. Male subjects must not freeze or donate sperm starting at screening and throughout the study period, and at least 4 months after the final study drug administration.
13. Female subjects must not donate, or retrieve for their own use, ova from the time of screening and throughout the study treatment period, and for at least 7 months after the final study drug administration.

Exclusion Criteria:

1. Prior treatment with HER3 targeted therapy.
2. Prior treatment with antibody drug conjugate with topoisomerase I inhibitor (except trastuzumab deruxtecantopoisomerase I inhibitor HER2 ADC for backfilled subjects in Combo A of Phase 1 and subjects in Cohort 2e of Phase 2a, and not applicable for subjects enrolled for DLT observation in Phase 1).
3. Has a medical history of symptomatic congestive heart failure (CHF) (New York Heart Association \[NYHA\] classes II-IV) or serious cardiac arrhythmia requiring treatment.
4. Has a medical history of myocardial infarction or unstable angina within 6 months before enrollment.
5. Has any clinically important abnormalities in rhythm, conduction or morphology of resting electrocardiogram (ECG), e.g., complete left bundle branch block, third-degree heart block, second-degree heart block, or PR interval \> 250 milliseconds (ms).
6. Has an average of Fredericia's formula-QT corrected interval (QTcF) prolongation to \> 470 millisecond (ms) in males and females based on a 12-lead electrocardiogram (ECG) in triplicate.
7. Unable or unwilling to discontinue concomitant drugs that are known to prolong the QT interval.

   For Combo B of Phase 1 and Cohort 2g, 2k of Phase 2a, patients currently receiving (or unable to stop use prior to receiving the first dose of Osimertinib) medications or herbal supplements known to be strong inducers of CYP3A4 (at least 3-week prior) (refer to Section 6.9.1) are ineligible, and all patients must try to avoid concomitant use of any medications, herbal supplements and/or ingestion of foods with known inducer effects on CYP3A4.
8. Has a history of (non-infectious) ILD/pneumonitis and/or radiation pneumonitis that required steroids, has current ILD/pneumonitis and/or radiation pneumonitis, or where suspected ILD/pneumonitis and/or radiation pneumonitis cannot be ruled out by imaging at screening.
9. Have a lung-specific intercurrent clinically significant illness including, but not limited to, any underlying pulmonary disorder (e.g., pulmonary emboli within 3 months prior to Cycle 1 Day 1, severe asthma, severe chronic obstructive pulmonary disorder, restrictive lung disease, significant pleural effusion etc.), and any autoimmune, connective tissue or inflammatory disorder with pulmonary involvement (e.g., rheumatoid arthritis, Sjogren's syndrome, sarcoidosis etc.), and/or prior pneumonectomy (complete).
10. Has an uncontrolled infection requiring intravenous injection of antibiotics, antivirals, or antifungals.
11. Has clinically significant corneal disease.
12. Know human immunodeficiency virus (HIV) infection.
13. Subjects have active viral (any etiology) hepatitis are excluded. However, subjects with positive hepatitis B surface antigen (HBsAg) who have the HBV DNA (viral load) below the lower limit quantification or HBV DNA titer \< 1000 cps/mL or 100 IU/mL per local testing and are not currently on viral suppressive therapy may be eligible and should be discussed with the Sponsor's Medical Monitor. However, subjects with a history of hepatitis C virus (HCV) infection who have completed curative antiviral treatment and have the HCV RNA below the lower limit of quantification per local testing are eligible for study entry.
14. Is a lactating mother (women who are willing to temporarily interrupt breastfeeding will also be excluded), or pregnant as confirmed by serum pregnancy tests performed within 7 days prior to Cycle 1 Day 1.
15. Has clinically active brain metastases, defined as untreated and symptomatic, or requiring therapy with steroids or anticonvulsants to control associated symptoms. However, subjects with asymptomatic central nervous system (CNS) metastases who are radiologically and neurologically stable for at least 4 weeks following CNS-directed therapy, and who are on stable or decreasing doses of corticosteroids equivalent to ≤10 mg/day prednisone are eligible for study entry.
16. Has unresolved toxicities from previous anticancer therapy, defined as toxicities (other than alopecia) not yet resolved to NCI-CTCAE version 5.0, grade ≤ 1 or baseline. Subjects with chronic Grade 2 toxicities (e.g., Grade 2 neuropathy) may be eligible based on the discussion and agreement between Investigator and Sponsor.
17. Has multiple primary malignancies within 3 years before enrollment, except adequately resected non-melanoma skin cancer (e.g., resected basal or squamous cell skin cancer), curatively treated in-situ disease (e.g., carcinoma in situ of the cervix or breast), other solid tumors curatively treated (e.g., superficial bladder cancer), or contralateral breast cancer.
18. Has substance abuse or any other medical conditions that would increase the safety risk to the subject or interfere with participation or evaluation of the clinical study in the opinion of the investigator.
19. Has known hypersensitivity to either the drug substances or inactive ingredients in the drug product.
20. Patients with other reasons that, in the opinion of the Investigator, make them unsuitable to participate in this study.

NOTE: Other protocol defined Inclusion/Exclusion criteria may apply.",1,Age range allowed: 18 years or older. Sex allowed: Male or Female. Cancer type allowed: Solid tumors. Histology allowed: NA. Cancer burden allowed: Advanced or metastatic. Prior treatment required: Relapsed or progressed on or after standard systemic treatments or intolerable with standard treatment or no standard treatment available. Prior treatment excluded: Prior treatment with HER3 targeted therapy or prior treatment with antibody drug conjugate with topoisomerase I inhibitor. Biomarkers required: NA. Biomarkers excluded: NA.,"Poor performance status (eg ECOG >1).
Left ventricular ejection fraction (LVEF) < 50%.
Inadequate organ functions.
Symptomatic congestive heart failure (New York Heart Association classes II-IV) or serious cardiac arrhythmia requiring treatment.
Myocardial infarction or unstable angina within 6 months before enrollment.
Clinically important abnormalities in rhythm, conduction or morphology of resting electrocardiogram (eg, complete left bundle branch block, third-degree heart block, second-degree heart block, or PR interval > 250 milliseconds).
Average Fredericia's formula-QT corrected interval (QTcF) prolongation > 470 milliseconds.
Unable or unwilling to discontinue concomitant drugs known to prolong the QT interval.
Current use of medications or herbal supplements known to be strong inducers of CYP3A4.
History of (non-infectious) interstitial lung disease (ILD), pneumonitis, and/or radiation pneumonitis that required steroids, current ILD/pneumonitis and/or radiation pneumonitis, or suspected ILD/pneumonitis and/or radiation pneumonitis that cannot be ruled out by imaging.
Lung-specific intercurrent clinically significant illness (eg, pulmonary emboli within 3 months prior to Cycle 1 Day 1, severe asthma, severe chronic obstructive pulmonary disorder, restrictive lung disease, significant pleural effusion, autoimmune, connective tissue or inflammatory disorder with pulmonary involvement, or prior complete pneumonectomy).
Uncontrolled infection requiring intravenous injection of antibiotics, antivirals, or antifungals.
Clinically significant corneal disease.
Known human immunodeficiency virus (HIV) infection.
Active viral hepatitis (excluding HBsAg positive subjects with HBV DNA < 1000 cps/mL or 100 IU/mL and not on viral suppressive therapy, and excluding history of hepatitis C virus infection who completed curative treatment and have HCV RNA below the lower limit of quantification).
Pregnant or lactating.
Clinically active brain metastases (defined as untreated and symptomatic, or requiring therapy with steroids or anticonvulsants to control associated symptoms).
Unresolved toxicities from previous anticancer therapy (grade > 1 per NCI-CTCAE version 5.0, except for alopecia).
Multiple primary malignancies within 3 years before enrollment (except adequately resected non-melanoma skin cancer, curatively treated in-situ disease, other curatively treated solid tumors, or contralateral breast cancer).
Substance abuse or other medical conditions that increase safety risk or interfere with participation.
Known hypersensitivity to drug substances or inactive ingredients."
1722,NCT05538130,2,True,"Age: 64
Sex: Male
Cancer type: Gastro-esophageal junction cancer
Histology: Poorly differentiated adenocarcinoma, signet-ring cell type
Current extent: Metastatic (liver, peritoneum, bone, and retroperitoneal lymph nodes) with malignant ascites. Most recent CEA 18 ng/mL (rising).
Biomarkers: HER2 IHC 3+, HER2 ISH amplified (copy number 9), Microsatellite Stable (MLH1, PMS2, MSH2, MSH6 retained), TMB 5 muts/Mb, TP53 p.Arg175His, CDH1 p.Glu738*, KRAS p.Gly12Asp, PIK3CA p.His1047Arg, ARID1A loss of heterozygosity, MET amplification (copy number 6), FGFR2 amplification (copy number 4), SMAD4 p.Arg361Cys, PD-L1 CPS 15
Treatment history:
# 2020-09 to 2021-05: capecitabine + oxaliplatin + trastuzumab; 8 cycles; best response partial metabolic response of primary tumor and stable disease in liver
# 2021: irinotecan + fluorouracil + leucovorin; 8 cycles; progressed to peritoneal carcinomatosis
# 2023-06-07: Palliative gastro-jejunostomy for malignant gastric outlet obstruction
# 2024-02: Palliative external beam radiation to L2 vertebra; achieved partial response
# 2024-07 to 2025-02: pembrolizumab; best response stable disease, progressed to hepatic, peritoneal, and nodal progression with malignant ascites",ECOG 1. Hypertension. Hyperlipidemia. Immune-related hypothyroidism (Grade 2). Grade 2 peripheral neuropathy. Former smoker. Grade 3 anemia.,A PHASE 1A/B OPEN-LABEL MASTER STUDY OF PF-07799544 AS A SINGLE-AGENT AND IN COMBINATION WITH OTHER TARGETED AGENTS IN PARTICIPANTS WITH ADVANCED SOLID TUMORS,"The purpose of this clinical trial is to learn the safety and effects of the study medicine (PF-07799544) administered as a single agent and in combination with other study medications in people with solid tumors. This study is seeking participants who have an advanced solid tumor for which the available treatments are no longer effective in controlling their cancer. All participants in this study will receive PF-07799544. PF-07799544 comes as a tablet to take by mouth daily (initially 2 times per day, but this could change to once daily or another frequency). Depending on the part of the study, participants may also receive another study medicine.

* In the first part of the study, people with melanoma or other solid tumors may also receive encorafenib. Encorafenib comes as a capsule and is taken once per day.
* In the second part of the study, people with melanoma or other cancers with abnormalities in a gene called ""BRAF"" will receive PF-07799544 with other study medicines (for example, PF-07799933).

Participants may receive the study medicines for about 2 years. The study team will monitor how each participant is doing with the study treatment during regular visits at the study clinic.","Inclusion Criteria:

* Diagnosis of advanced/metastatic solid tumor including primary brain tumor for monotherapy phase 1a dose escalation
* Disease progressed during/following last prior treatment and no satisfactory alternative treatment options for monotherapy phase 1a dose escalation
* For Substudy B, histological or cytological diagnosis of advanced/metastatic melanoma
* For Substudy C, unresectable or adv/metastatic solid tumor progressed on, or with demonstrated intolerance to SOC, excluding melanoma,
* For Substudy B and C, measurable disease by RECIST version 1.1
* For Substudy B, evidence of a BRAF V600 mutation or BRAF Class II/III alteration in tumor tissue and/or blood
* For Substudy C, evidence of a BRAF founder alteration (non-V600 Class II/III BRAF alteration)

Exclusion Criteria:

* Brain metastasis larger than 4 cm
* History or current evidence of retinal vein occlusion (RVO) or concurrent neuromuscular disorder associated with elevated creatine kinase (CK)",1,Age range allowed: NA. Sex allowed: Both. Cancer type allowed: Solid tumors. Histology allowed: NA. Cancer burden allowed: Advanced or metastatic (including primary brain tumor). Prior treatment required: Prior treatment followed by disease progression and no satisfactory alternative treatment options. Prior treatment excluded: NA. Biomarkers required: NA. Biomarkers excluded: NA.,"Brain metastasis larger than 4 cm
History or current evidence of retinal vein occlusion (RVO)
Concurrent neuromuscular disorder associated with elevated creatine kinase (CK)"
1722,NCT06234423,3,False,"Age: 64
Sex: Male
Cancer type: Gastro-esophageal junction cancer
Histology: Poorly differentiated adenocarcinoma, signet-ring cell type
Current extent: Metastatic (liver, peritoneum, bone, and retroperitoneal lymph nodes) with malignant ascites. Most recent CEA 18 ng/mL (rising).
Biomarkers: HER2 IHC 3+, HER2 ISH amplified (copy number 9), Microsatellite Stable (MLH1, PMS2, MSH2, MSH6 retained), TMB 5 muts/Mb, TP53 p.Arg175His, CDH1 p.Glu738*, KRAS p.Gly12Asp, PIK3CA p.His1047Arg, ARID1A loss of heterozygosity, MET amplification (copy number 6), FGFR2 amplification (copy number 4), SMAD4 p.Arg361Cys, PD-L1 CPS 15
Treatment history:
# 2020-09 to 2021-05: capecitabine + oxaliplatin + trastuzumab; 8 cycles; best response partial metabolic response of primary tumor and stable disease in liver
# 2021: irinotecan + fluorouracil + leucovorin; 8 cycles; progressed to peritoneal carcinomatosis
# 2023-06-07: Palliative gastro-jejunostomy for malignant gastric outlet obstruction
# 2024-02: Palliative external beam radiation to L2 vertebra; achieved partial response
# 2024-07 to 2025-02: pembrolizumab; best response stable disease, progressed to hepatic, peritoneal, and nodal progression with malignant ascites",ECOG 1. Hypertension. Hyperlipidemia. Immune-related hypothyroidism (Grade 2). Grade 2 peripheral neuropathy. Former smoker. Grade 3 anemia.,"A Phase 1, First-in-Human Study of CUSP06, a Cadherin-6 (CDH6)-Directed Antibody-Drug Conjugate, in Patients With Platinum-Refractory/Resistant Ovarian Cancer and Other Advanced Solid Tumors","This phase 1 study will evaluate the safety, tolerability, pharmacokinetics, and efficacy of CUSP06 in patients with platinum-refractory/resistant ovarian cancer and other advanced solid tumors.","Inclusion Criteria:

* Written informed consent provided prior to any screening procedures.
* Male or female patients, ≥18 years of age at the time of obtaining informed consent.
* Patients with histologically or cytologically confirmed advanced solid tumors previously treated with standard of care systemic therapy, or for whom no standard therapy is available.
* Willingness to provide archival tumor tissue collected within the previous 2 years, when available. If no archival tissue is available that was collected within a 2 year timeframe, willingness to undergo a pretreatment biopsy if medically feasible and safe.

  * For patients on Phase 1b dose expansion, willingness to undergo pre- and on-treatment biopsies if medically feasible and safe.
* Measurable disease per RECIST 1.1.
* Eastern Cooperative Oncology Group (ECOG) performance status of 0 or 1 and life expectancy of ≥12 weeks.
* Adequate organ function as defined by:

  * Absolute neutrophil count (ANC) ≥1.5 x 109/L (1500/µL), without colony-stimulating factor support for the past 14 days.
  * Platelets ≥100.0 x 109/L (100 000/µL).
  * Hemoglobin ≥9.0 g/dL (without blood transfusion in 2-week period prior to screening laboratory tests).
  * Creatinine clearance (CrCl) ≥45 mL/min as calculated by the Cockcroft-Gault method.
  * Serum total bilirubin ≤ 1.5 x the upper limit of normal (ULN).
  * Aspartate aminotransferase (AST) ≤2.5 x ULN; alanine aminotransferase (ALT) ≤ 2.5 x ULN.
  * International normalized ratio (INR) ≤ 1.5; activated partial thromboplastin time (aPTT) ≤ 1.5 x ULN.
  * Left ventricular ejection fraction (LVEF) ≥50% as per echocardiography (ECHO) or multi-gated acquisition scan (MUGA).
  * Q wave to T wave (QT) interval corrected for heart rate (QTc) ≤480 ms (Fridericia's formula).
* Women of child-bearing potential (WCBP), defined as a sexually mature woman who has not undergone surgical sterilization or who has not been naturally postmenopausal for at least 12 consecutive months (i.e., who has had menses any time in the preceding 12 consecutive months) must agree to use 2 effective contraceptive methods; examples include oral, parenteral, or implantable hormonal contraceptive, intra-uterine device, barrier contraceptive with spermicide, partner's latex (or polyisoprene, if latex allergy) condom or vasectomy while on study treatment and for at least 12 weeks after the last dose of the study drug.

  * WCBP must have a negative serum pregnancy test within 72 hours prior to first dose of the study drug.
  * Male patients must agree to use a latex (or polyisoprene, if latex allergy) condom, even if they had a successful vasectomy, while on study treatment and for at least 12 weeks after the last dose of the study drug.
* Patients must be willing and able to sign the informed consent form, and to adhere to the study visit schedule and other protocol requirements.

Exclusion Criteria:

* Prior treatment an ADC with a topoisomerase I (TOP1) payload.
* Active or progressing brain metastases or evidence of leptomeningeal disease. Stable/treated brain metastases are permitted (defined as history of brain metastases previously treated with surgical resection or stereotactic radiosurgery, stable on baseline screening study MRI brain for at least 2 months (compared to comparator MRI brain) and asymptomatic without requirement for steroids or antiseizure medications.
* Persistent toxicities from previous systemic antineoplastic treatments of Grade \>1, excluding alopecia and vitiligo.
* Systemic antineoplastic therapy within 5 half-lives or 4 weeks, whichever is shorter, prior to first dose of the study drug, including investigational agents.
* Wide-field radiotherapy (e.g., \>30% of marrow-bearing bones) within 4 weeks, or focal radiation with palliative intent outside the field of measurable disease within 2 weeks prior to first dose of the study drug.
* Major surgery (not including placement of vascular access device or tumor biopsies) within 4 weeks prior to first dose of study drug, or no recovery from side effects of such intervention.
* Has had clinically significant lung disease requiring systemic corticosteroid treatment within the last 6 months of randomization/registration (e.g., interstitial pneumonia, pneumonitis, pulmonary fibrosis, and severe radiation pneumonitis) or who are suspected to have such diseases by imaging at screening period.
* Patients with acute or chronic pancreatitis and/or any cirrhosis except cirrhosis diagnosed as Child-Pugh class A.
* Hepatic insufficiency manifesting as clinical jaundice, hepatic encephalopathy, and/or variceal bleed within 60 days prior to study entry.
* History of liver transplant.
* Prior allogeneic bone marrow transplantation.
* Significant cardiac disease, such as recent (within 6 months prior to first dose of the study drug) myocardial infarction or acute coronary syndromes (including unstable angina pectoris), congestive heart failure (New York Heart Association class III or IV), uncontrolled hypertension, uncontrolled cardiac arrhythmias, severe aortic stenosis.
* History of thromboembolic or cerebrovascular events, including transient ischemic attacks, cerebrovascular accidents, deep vein thrombosis, or pulmonary emboli within 3 months prior to first dose of the study drug.
* Acute and/or clinically significant bacterial, fungal, or viral infection including hepatitis B (HBV), hepatitis C (HCV), known human immunodeficiency virus (HIV).

  * Note: patients with chronic HBV, HCV or HIV infection will be eligible if they are considered upon a mutual agreement of the Investigator and the Medical Monitor as safe for enrollment and meet one of the following additional conditions:
  * Patients with HIV infection are on an established antiretroviral therapy for at least 4 weeks, and have CD4+ T-cell counts ≥350 cells/µL and HIV viral load \<400 copies/mL,
  * Patients with serologic evidence of chronic HBV infection receive concurrent anti-HBV therapy and have HBV viral load below the limit of quantification,
  * Patients with a history of HCV infection must have completed curative anti-HCV therapy and have HCV viral load below the limit of quantification,
  * Patients on concurrent anti-HCV therapy have HCV viral load below the limit of quantification.
* Known or suspected allergy to the study drug or any component of the study drug.
* Concurrent participation in another investigational clinical trial.
* Pregnant or breast-feeding females.
* Prior history of malignancy other than inclusion diagnosis within 3 years prior to first dose of the study drug.

  * Note: patients with adequately treated basal cell or squamous cell skin cancer, non-invasive superficial bladder cancer, in situ cervical cancer, in situ breast cancer, in situ prostate cancer may be eligible if have shown no evidence of active disease for 2 years prior to first dose of drug.
* Any other severe acute or chronic medical or psychiatric conditions or laboratory abnormality that may increase the risk associated with the study participation or the study drug administration or may interfere with the interpretation of study results and, in the judgment of the Investigator, would make the patient inappropriate for enrollment in this study.",2,Age range allowed: >=18 years. Sex allowed: Male or female. Cancer type allowed: Solid tumor. Histology allowed: NA. Cancer burden allowed: Advanced. Prior treatment required: Standard of care systemic therapy or no standard therapy available. Prior treatment excluded: Antibody-drug conjugate with a topoisomerase I payload. Biomarkers required: NA. Biomarkers excluded: NA.,"Poor performance status (ECOG > 1).
Active or progressing brain metastases or evidence of leptomeningeal disease.
Persistent toxicities from previous systemic antineoplastic treatments of Grade > 1, excluding alopecia and vitiligo.
Clinically significant lung disease requiring systemic corticosteroid treatment (e.g., interstitial pneumonia, pneumonitis, pulmonary fibrosis, and severe radiation pneumonitis) or suspected such diseases by imaging at screening.
Acute or chronic pancreatitis and/or any cirrhosis except Child-Pugh class A.
Hepatic insufficiency manifesting as clinical jaundice, hepatic encephalopathy, and/or variceal bleed.
History of liver transplant.
Prior allogeneic bone marrow transplantation.
Significant cardiac disease (e.g., recent myocardial infarction, acute coronary syndromes, congestive heart failure New York Heart Association class III or IV, uncontrolled hypertension, uncontrolled cardiac arrhythmias, severe aortic stenosis).
History of thromboembolic or cerebrovascular events (e.g., transient ischemic attacks, cerebrovascular accidents, deep vein thrombosis, or pulmonary emboli).
Acute and/or clinically significant bacterial, fungal, or viral infection including hepatitis B, hepatitis C, or human immunodeficiency virus (unless meeting specific stability criteria).
Known or suspected allergy to the study drug or its components.
Concurrent participation in another investigational clinical trial.
Pregnancy or breast-feeding.
Prior history of malignancy other than inclusion diagnosis within 3 years (excluding adequately treated basal cell or squamous cell skin cancer, non-invasive superficial bladder cancer, in situ cervical cancer, in situ breast cancer, or in situ prostate cancer).
Any other severe acute or chronic medical or psychiatric conditions or laboratory abnormality that may increase risk or interfere with results."
20838,NCT05785741,1,True,"Age: 70
Sex: Male
Cancer type: Prostate cancer
Histology: Adenocarcinoma
Current extent: Metastatic (T10 vertebra, left ischial wing, left scapula, right adrenal gland, left femur); PSA 3.0 ng/mL (increasing from 1.5 ng/mL)
Biomarkers: TMPRSS2-ERG fusion, AR amplification, PTEN homozygous deletion, TP53 p.Arg248Trp, BRCA2 p.Ser2252* nonsense mutation, SPOP p.Phe133Ser, CDK12 p.Arg1049* nonsense mutation, CHEK2 p.Thr367Profs*5 frameshift mutation, RB1 loss, FOXA1 p.Asn335Ser (VUS), ATM p.Asp2913Asn (VUS), MSI stable, TMB 4.2 muts/Mb
Treatment history:
# June 2020: robotic-assisted radical prostatectomy with extended pelvic lymphadenectomy
# 2020-10-20 to 2021-04-28: leuprolide acetate, then added abiraterone acetate + prednisone; best response PSA 0.4 ng/mL
# 2021-04-28 to 2022-11-19: enzalutamide + leuprolide acetate
# 2022-11-19 to present: zoledronic acid
# 2022-11-19 to present: rucaparib + enzalutamide + leuprolide acetate; best response PSA 1.5 ng/mL (rucaparib temporarily held in early 2025 for grade 3 thrombocytopenia and subsequently dose-reduced to 400 mg BID)","ECOG 1. Hypertension (controlled on amlodipine), hyperlipidemia (managed with pravastatin), former smoker (quit >20 years ago), prior grade 2 seizure-like event (attributed to enzalutamide), prior grade 3 thrombocytopenia (resolved).","A Phase 1/2a, Multicenter, Open-Label, First in Human Study to Assess the Safety, Tolerability, Pharmacokinetics, and Preliminary Antitumor Activity of DB-1310 in Subjects With Advanced/Metastatic Solid Tumors",This is a dose-escalation and dose-expansion Phase 1/2a trial to evaluate the safety and tolerability of DB-1310 in subjects with advanced solid tumors.,"Inclusion Criteria:

1. Male or female adults (defined as ≥ 18 years of age or acceptable age according to local regulations at the time of voluntarily signing of informed consent).
2. Have relapsed or progressed on or after standard systemic treatments, or intolerable with standard treatment, or for which no standard treatment is available. Documented radiological disease progression during/after most recent treatment regimen for advanced/unresectable, or metastatic disease.
3. At least one measurable lesion as assessed by the investigator according to response evaluation criteria in solid tumors (RECIST) version 1.1 criteria.
4. Has a life expectancy of ≥ 3 months.
5. Has an Eastern Cooperative Oncology Group (ECOG) performance status (PS) of 0-1.
6. Has LVEF ≥ 50% by either echocardiography (ECHO) or multiple-gated acquisition (MUGA) within 28 days before enrollment.
7. Has adequate organ functions within 7 days prior to Day 1 of Cycle 1.
8. Has adequate treatment washout period prior to Day 1 of Cycle 1.
9. Is willing to provide pre-existing resected tumor samples or undergo fresh tumor biopsy for the measurement of HER3 level and other biomarkers if no contraindication. For HER2 IHC 0 breast cancer subjects, it is highly recommended to collect additional tumor sample (Refer to Lab Manual).
10. Is capable of comprehending study procedures and risks outlined in the informed consent and able to provide written consent and agree to comply with the requirements of the study and the schedule of assessments.
11. Male and female subjects of reproductive/childbearing potential must agree to use adequate contraceptive methods (e.g., double barrier or intrauterine contraceptive) during the study and for at least 4 months and 7 months after the last dose of study drug, respectively.

    Females must be using highly effective contraceptive measures during the study and for at least 7 months after the last dosing of study drug, and must have a negative pregnancy test prior to start of dosing if of child-bearing potential, or must have evidence of non-child-bearing potential by fulfilling one of the following criteria at screening:
    * Post-menopausal defined as aged 50 years or more and amenorrhoeic for at least 12 months following cessation of all exogenous hormonal treatments
    * Women under 50 years old would be considered postmenopausal if they have been amenorrhoeic for 12 months or more following cessation of exogenous hormonal treatments and with LH and FSH levels in the post-menopausal range for the institution
    * Documentation of irreversible surgical sterilization by hysterectomy, bilateral oophorectomy or bilateral salpingectomy but not tubal ligation
12. Male subjects must not freeze or donate sperm starting at screening and throughout the study period, and at least 4 months after the final study drug administration.
13. Female subjects must not donate, or retrieve for their own use, ova from the time of screening and throughout the study treatment period, and for at least 7 months after the final study drug administration.

Exclusion Criteria:

1. Prior treatment with HER3 targeted therapy.
2. Prior treatment with antibody drug conjugate with topoisomerase I inhibitor (except trastuzumab deruxtecantopoisomerase I inhibitor HER2 ADC for backfilled subjects in Combo A of Phase 1 and subjects in Cohort 2e of Phase 2a, and not applicable for subjects enrolled for DLT observation in Phase 1).
3. Has a medical history of symptomatic congestive heart failure (CHF) (New York Heart Association \[NYHA\] classes II-IV) or serious cardiac arrhythmia requiring treatment.
4. Has a medical history of myocardial infarction or unstable angina within 6 months before enrollment.
5. Has any clinically important abnormalities in rhythm, conduction or morphology of resting electrocardiogram (ECG), e.g., complete left bundle branch block, third-degree heart block, second-degree heart block, or PR interval \> 250 milliseconds (ms).
6. Has an average of Fredericia's formula-QT corrected interval (QTcF) prolongation to \> 470 millisecond (ms) in males and females based on a 12-lead electrocardiogram (ECG) in triplicate.
7. Unable or unwilling to discontinue concomitant drugs that are known to prolong the QT interval.

   For Combo B of Phase 1 and Cohort 2g, 2k of Phase 2a, patients currently receiving (or unable to stop use prior to receiving the first dose of Osimertinib) medications or herbal supplements known to be strong inducers of CYP3A4 (at least 3-week prior) (refer to Section 6.9.1) are ineligible, and all patients must try to avoid concomitant use of any medications, herbal supplements and/or ingestion of foods with known inducer effects on CYP3A4.
8. Has a history of (non-infectious) ILD/pneumonitis and/or radiation pneumonitis that required steroids, has current ILD/pneumonitis and/or radiation pneumonitis, or where suspected ILD/pneumonitis and/or radiation pneumonitis cannot be ruled out by imaging at screening.
9. Have a lung-specific intercurrent clinically significant illness including, but not limited to, any underlying pulmonary disorder (e.g., pulmonary emboli within 3 months prior to Cycle 1 Day 1, severe asthma, severe chronic obstructive pulmonary disorder, restrictive lung disease, significant pleural effusion etc.), and any autoimmune, connective tissue or inflammatory disorder with pulmonary involvement (e.g., rheumatoid arthritis, Sjogren's syndrome, sarcoidosis etc.), and/or prior pneumonectomy (complete).
10. Has an uncontrolled infection requiring intravenous injection of antibiotics, antivirals, or antifungals.
11. Has clinically significant corneal disease.
12. Know human immunodeficiency virus (HIV) infection.
13. Subjects have active viral (any etiology) hepatitis are excluded. However, subjects with positive hepatitis B surface antigen (HBsAg) who have the HBV DNA (viral load) below the lower limit quantification or HBV DNA titer \< 1000 cps/mL or 100 IU/mL per local testing and are not currently on viral suppressive therapy may be eligible and should be discussed with the Sponsor's Medical Monitor. However, subjects with a history of hepatitis C virus (HCV) infection who have completed curative antiviral treatment and have the HCV RNA below the lower limit of quantification per local testing are eligible for study entry.
14. Is a lactating mother (women who are willing to temporarily interrupt breastfeeding will also be excluded), or pregnant as confirmed by serum pregnancy tests performed within 7 days prior to Cycle 1 Day 1.
15. Has clinically active brain metastases, defined as untreated and symptomatic, or requiring therapy with steroids or anticonvulsants to control associated symptoms. However, subjects with asymptomatic central nervous system (CNS) metastases who are radiologically and neurologically stable for at least 4 weeks following CNS-directed therapy, and who are on stable or decreasing doses of corticosteroids equivalent to ≤10 mg/day prednisone are eligible for study entry.
16. Has unresolved toxicities from previous anticancer therapy, defined as toxicities (other than alopecia) not yet resolved to NCI-CTCAE version 5.0, grade ≤ 1 or baseline. Subjects with chronic Grade 2 toxicities (e.g., Grade 2 neuropathy) may be eligible based on the discussion and agreement between Investigator and Sponsor.
17. Has multiple primary malignancies within 3 years before enrollment, except adequately resected non-melanoma skin cancer (e.g., resected basal or squamous cell skin cancer), curatively treated in-situ disease (e.g., carcinoma in situ of the cervix or breast), other solid tumors curatively treated (e.g., superficial bladder cancer), or contralateral breast cancer.
18. Has substance abuse or any other medical conditions that would increase the safety risk to the subject or interfere with participation or evaluation of the clinical study in the opinion of the investigator.
19. Has known hypersensitivity to either the drug substances or inactive ingredients in the drug product.
20. Patients with other reasons that, in the opinion of the Investigator, make them unsuitable to participate in this study.

NOTE: Other protocol defined Inclusion/Exclusion criteria may apply.",1,Age range allowed: 18 years or older. Sex allowed: Male or Female. Cancer type allowed: Solid tumors. Histology allowed: NA. Cancer burden allowed: Advanced or metastatic. Prior treatment required: Relapsed or progressed on or after standard systemic treatments or intolerable with standard treatment or no standard treatment available. Prior treatment excluded: Prior treatment with HER3 targeted therapy or prior treatment with antibody drug conjugate with topoisomerase I inhibitor. Biomarkers required: NA. Biomarkers excluded: NA.,"Poor performance status (eg ECOG >1).
Left ventricular ejection fraction (LVEF) < 50%.
Inadequate organ functions.
Symptomatic congestive heart failure (New York Heart Association classes II-IV) or serious cardiac arrhythmia requiring treatment.
Myocardial infarction or unstable angina within 6 months before enrollment.
Clinically important abnormalities in rhythm, conduction or morphology of resting electrocardiogram (eg, complete left bundle branch block, third-degree heart block, second-degree heart block, or PR interval > 250 milliseconds).
Average Fredericia's formula-QT corrected interval (QTcF) prolongation > 470 milliseconds.
Unable or unwilling to discontinue concomitant drugs known to prolong the QT interval.
Current use of medications or herbal supplements known to be strong inducers of CYP3A4.
History of (non-infectious) interstitial lung disease (ILD), pneumonitis, and/or radiation pneumonitis that required steroids, current ILD/pneumonitis and/or radiation pneumonitis, or suspected ILD/pneumonitis and/or radiation pneumonitis that cannot be ruled out by imaging.
Lung-specific intercurrent clinically significant illness (eg, pulmonary emboli within 3 months prior to Cycle 1 Day 1, severe asthma, severe chronic obstructive pulmonary disorder, restrictive lung disease, significant pleural effusion, autoimmune, connective tissue or inflammatory disorder with pulmonary involvement, or prior complete pneumonectomy).
Uncontrolled infection requiring intravenous injection of antibiotics, antivirals, or antifungals.
Clinically significant corneal disease.
Known human immunodeficiency virus (HIV) infection.
Active viral hepatitis (excluding HBsAg positive subjects with HBV DNA < 1000 cps/mL or 100 IU/mL and not on viral suppressive therapy, and excluding history of hepatitis C virus infection who completed curative treatment and have HCV RNA below the lower limit of quantification).
Pregnant or lactating.
Clinically active brain metastases (defined as untreated and symptomatic, or requiring therapy with steroids or anticonvulsants to control associated symptoms).
Unresolved toxicities from previous anticancer therapy (grade > 1 per NCI-CTCAE version 5.0, except for alopecia).
Multiple primary malignancies within 3 years before enrollment (except adequately resected non-melanoma skin cancer, curatively treated in-situ disease, other curatively treated solid tumors, or contralateral breast cancer).
Substance abuse or other medical conditions that increase safety risk or interfere with participation.
Known hypersensitivity to drug substances or inactive ingredients."
20838,NCT06234423,2,True,"Age: 70
Sex: Male
Cancer type: Prostate cancer
Histology: Adenocarcinoma
Current extent: Metastatic (T10 vertebra, left ischial wing, left scapula, right adrenal gland, left femur); PSA 3.0 ng/mL (increasing from 1.5 ng/mL)
Biomarkers: TMPRSS2-ERG fusion, AR amplification, PTEN homozygous deletion, TP53 p.Arg248Trp, BRCA2 p.Ser2252* nonsense mutation, SPOP p.Phe133Ser, CDK12 p.Arg1049* nonsense mutation, CHEK2 p.Thr367Profs*5 frameshift mutation, RB1 loss, FOXA1 p.Asn335Ser (VUS), ATM p.Asp2913Asn (VUS), MSI stable, TMB 4.2 muts/Mb
Treatment history:
# June 2020: robotic-assisted radical prostatectomy with extended pelvic lymphadenectomy
# 2020-10-20 to 2021-04-28: leuprolide acetate, then added abiraterone acetate + prednisone; best response PSA 0.4 ng/mL
# 2021-04-28 to 2022-11-19: enzalutamide + leuprolide acetate
# 2022-11-19 to present: zoledronic acid
# 2022-11-19 to present: rucaparib + enzalutamide + leuprolide acetate; best response PSA 1.5 ng/mL (rucaparib temporarily held in early 2025 for grade 3 thrombocytopenia and subsequently dose-reduced to 400 mg BID)","ECOG 1. Hypertension (controlled on amlodipine), hyperlipidemia (managed with pravastatin), former smoker (quit >20 years ago), prior grade 2 seizure-like event (attributed to enzalutamide), prior grade 3 thrombocytopenia (resolved).","A Phase 1, First-in-Human Study of CUSP06, a Cadherin-6 (CDH6)-Directed Antibody-Drug Conjugate, in Patients With Platinum-Refractory/Resistant Ovarian Cancer and Other Advanced Solid Tumors","This phase 1 study will evaluate the safety, tolerability, pharmacokinetics, and efficacy of CUSP06 in patients with platinum-refractory/resistant ovarian cancer and other advanced solid tumors.","Inclusion Criteria:

* Written informed consent provided prior to any screening procedures.
* Male or female patients, ≥18 years of age at the time of obtaining informed consent.
* Patients with histologically or cytologically confirmed advanced solid tumors previously treated with standard of care systemic therapy, or for whom no standard therapy is available.
* Willingness to provide archival tumor tissue collected within the previous 2 years, when available. If no archival tissue is available that was collected within a 2 year timeframe, willingness to undergo a pretreatment biopsy if medically feasible and safe.

  * For patients on Phase 1b dose expansion, willingness to undergo pre- and on-treatment biopsies if medically feasible and safe.
* Measurable disease per RECIST 1.1.
* Eastern Cooperative Oncology Group (ECOG) performance status of 0 or 1 and life expectancy of ≥12 weeks.
* Adequate organ function as defined by:

  * Absolute neutrophil count (ANC) ≥1.5 x 109/L (1500/µL), without colony-stimulating factor support for the past 14 days.
  * Platelets ≥100.0 x 109/L (100 000/µL).
  * Hemoglobin ≥9.0 g/dL (without blood transfusion in 2-week period prior to screening laboratory tests).
  * Creatinine clearance (CrCl) ≥45 mL/min as calculated by the Cockcroft-Gault method.
  * Serum total bilirubin ≤ 1.5 x the upper limit of normal (ULN).
  * Aspartate aminotransferase (AST) ≤2.5 x ULN; alanine aminotransferase (ALT) ≤ 2.5 x ULN.
  * International normalized ratio (INR) ≤ 1.5; activated partial thromboplastin time (aPTT) ≤ 1.5 x ULN.
  * Left ventricular ejection fraction (LVEF) ≥50% as per echocardiography (ECHO) or multi-gated acquisition scan (MUGA).
  * Q wave to T wave (QT) interval corrected for heart rate (QTc) ≤480 ms (Fridericia's formula).
* Women of child-bearing potential (WCBP), defined as a sexually mature woman who has not undergone surgical sterilization or who has not been naturally postmenopausal for at least 12 consecutive months (i.e., who has had menses any time in the preceding 12 consecutive months) must agree to use 2 effective contraceptive methods; examples include oral, parenteral, or implantable hormonal contraceptive, intra-uterine device, barrier contraceptive with spermicide, partner's latex (or polyisoprene, if latex allergy) condom or vasectomy while on study treatment and for at least 12 weeks after the last dose of the study drug.

  * WCBP must have a negative serum pregnancy test within 72 hours prior to first dose of the study drug.
  * Male patients must agree to use a latex (or polyisoprene, if latex allergy) condom, even if they had a successful vasectomy, while on study treatment and for at least 12 weeks after the last dose of the study drug.
* Patients must be willing and able to sign the informed consent form, and to adhere to the study visit schedule and other protocol requirements.

Exclusion Criteria:

* Prior treatment an ADC with a topoisomerase I (TOP1) payload.
* Active or progressing brain metastases or evidence of leptomeningeal disease. Stable/treated brain metastases are permitted (defined as history of brain metastases previously treated with surgical resection or stereotactic radiosurgery, stable on baseline screening study MRI brain for at least 2 months (compared to comparator MRI brain) and asymptomatic without requirement for steroids or antiseizure medications.
* Persistent toxicities from previous systemic antineoplastic treatments of Grade \>1, excluding alopecia and vitiligo.
* Systemic antineoplastic therapy within 5 half-lives or 4 weeks, whichever is shorter, prior to first dose of the study drug, including investigational agents.
* Wide-field radiotherapy (e.g., \>30% of marrow-bearing bones) within 4 weeks, or focal radiation with palliative intent outside the field of measurable disease within 2 weeks prior to first dose of the study drug.
* Major surgery (not including placement of vascular access device or tumor biopsies) within 4 weeks prior to first dose of study drug, or no recovery from side effects of such intervention.
* Has had clinically significant lung disease requiring systemic corticosteroid treatment within the last 6 months of randomization/registration (e.g., interstitial pneumonia, pneumonitis, pulmonary fibrosis, and severe radiation pneumonitis) or who are suspected to have such diseases by imaging at screening period.
* Patients with acute or chronic pancreatitis and/or any cirrhosis except cirrhosis diagnosed as Child-Pugh class A.
* Hepatic insufficiency manifesting as clinical jaundice, hepatic encephalopathy, and/or variceal bleed within 60 days prior to study entry.
* History of liver transplant.
* Prior allogeneic bone marrow transplantation.
* Significant cardiac disease, such as recent (within 6 months prior to first dose of the study drug) myocardial infarction or acute coronary syndromes (including unstable angina pectoris), congestive heart failure (New York Heart Association class III or IV), uncontrolled hypertension, uncontrolled cardiac arrhythmias, severe aortic stenosis.
* History of thromboembolic or cerebrovascular events, including transient ischemic attacks, cerebrovascular accidents, deep vein thrombosis, or pulmonary emboli within 3 months prior to first dose of the study drug.
* Acute and/or clinically significant bacterial, fungal, or viral infection including hepatitis B (HBV), hepatitis C (HCV), known human immunodeficiency virus (HIV).

  * Note: patients with chronic HBV, HCV or HIV infection will be eligible if they are considered upon a mutual agreement of the Investigator and the Medical Monitor as safe for enrollment and meet one of the following additional conditions:
  * Patients with HIV infection are on an established antiretroviral therapy for at least 4 weeks, and have CD4+ T-cell counts ≥350 cells/µL and HIV viral load \<400 copies/mL,
  * Patients with serologic evidence of chronic HBV infection receive concurrent anti-HBV therapy and have HBV viral load below the limit of quantification,
  * Patients with a history of HCV infection must have completed curative anti-HCV therapy and have HCV viral load below the limit of quantification,
  * Patients on concurrent anti-HCV therapy have HCV viral load below the limit of quantification.
* Known or suspected allergy to the study drug or any component of the study drug.
* Concurrent participation in another investigational clinical trial.
* Pregnant or breast-feeding females.
* Prior history of malignancy other than inclusion diagnosis within 3 years prior to first dose of the study drug.

  * Note: patients with adequately treated basal cell or squamous cell skin cancer, non-invasive superficial bladder cancer, in situ cervical cancer, in situ breast cancer, in situ prostate cancer may be eligible if have shown no evidence of active disease for 2 years prior to first dose of drug.
* Any other severe acute or chronic medical or psychiatric conditions or laboratory abnormality that may increase the risk associated with the study participation or the study drug administration or may interfere with the interpretation of study results and, in the judgment of the Investigator, would make the patient inappropriate for enrollment in this study.",2,Age range allowed: >=18 years. Sex allowed: Male or female. Cancer type allowed: Solid tumor. Histology allowed: NA. Cancer burden allowed: Advanced. Prior treatment required: Standard of care systemic therapy or no standard therapy available. Prior treatment excluded: Antibody-drug conjugate with a topoisomerase I payload. Biomarkers required: NA. Biomarkers excluded: NA.,"Poor performance status (ECOG > 1).
Active or progressing brain metastases or evidence of leptomeningeal disease.
Persistent toxicities from previous systemic antineoplastic treatments of Grade > 1, excluding alopecia and vitiligo.
Clinically significant lung disease requiring systemic corticosteroid treatment (e.g., interstitial pneumonia, pneumonitis, pulmonary fibrosis, and severe radiation pneumonitis) or suspected such diseases by imaging at screening.
Acute or chronic pancreatitis and/or any cirrhosis except Child-Pugh class A.
Hepatic insufficiency manifesting as clinical jaundice, hepatic encephalopathy, and/or variceal bleed.
History of liver transplant.
Prior allogeneic bone marrow transplantation.
Significant cardiac disease (e.g., recent myocardial infarction, acute coronary syndromes, congestive heart failure New York Heart Association class III or IV, uncontrolled hypertension, uncontrolled cardiac arrhythmias, severe aortic stenosis).
History of thromboembolic or cerebrovascular events (e.g., transient ischemic attacks, cerebrovascular accidents, deep vein thrombosis, or pulmonary emboli).
Acute and/or clinically significant bacterial, fungal, or viral infection including hepatitis B, hepatitis C, or human immunodeficiency virus (unless meeting specific stability criteria).
Known or suspected allergy to the study drug or its components.
Concurrent participation in another investigational clinical trial.
Pregnancy or breast-feeding.
Prior history of malignancy other than inclusion diagnosis within 3 years (excluding adequately treated basal cell or squamous cell skin cancer, non-invasive superficial bladder cancer, in situ cervical cancer, in situ breast cancer, or in situ prostate cancer).
Any other severe acute or chronic medical or psychiatric conditions or laboratory abnormality that may increase risk or interfere with results."
20838,NCT05538130,3,True,"Age: 70
Sex: Male
Cancer type: Prostate cancer
Histology: Adenocarcinoma
Current extent: Metastatic (T10 vertebra, left ischial wing, left scapula, right adrenal gland, left femur); PSA 3.0 ng/mL (increasing from 1.5 ng/mL)
Biomarkers: TMPRSS2-ERG fusion, AR amplification, PTEN homozygous deletion, TP53 p.Arg248Trp, BRCA2 p.Ser2252* nonsense mutation, SPOP p.Phe133Ser, CDK12 p.Arg1049* nonsense mutation, CHEK2 p.Thr367Profs*5 frameshift mutation, RB1 loss, FOXA1 p.Asn335Ser (VUS), ATM p.Asp2913Asn (VUS), MSI stable, TMB 4.2 muts/Mb
Treatment history:
# June 2020: robotic-assisted radical prostatectomy with extended pelvic lymphadenectomy
# 2020-10-20 to 2021-04-28: leuprolide acetate, then added abiraterone acetate + prednisone; best response PSA 0.4 ng/mL
# 2021-04-28 to 2022-11-19: enzalutamide + leuprolide acetate
# 2022-11-19 to present: zoledronic acid
# 2022-11-19 to present: rucaparib + enzalutamide + leuprolide acetate; best response PSA 1.5 ng/mL (rucaparib temporarily held in early 2025 for grade 3 thrombocytopenia and subsequently dose-reduced to 400 mg BID)","ECOG 1. Hypertension (controlled on amlodipine), hyperlipidemia (managed with pravastatin), former smoker (quit >20 years ago), prior grade 2 seizure-like event (attributed to enzalutamide), prior grade 3 thrombocytopenia (resolved).",A PHASE 1A/B OPEN-LABEL MASTER STUDY OF PF-07799544 AS A SINGLE-AGENT AND IN COMBINATION WITH OTHER TARGETED AGENTS IN PARTICIPANTS WITH ADVANCED SOLID TUMORS,"The purpose of this clinical trial is to learn the safety and effects of the study medicine (PF-07799544) administered as a single agent and in combination with other study medications in people with solid tumors. This study is seeking participants who have an advanced solid tumor for which the available treatments are no longer effective in controlling their cancer. All participants in this study will receive PF-07799544. PF-07799544 comes as a tablet to take by mouth daily (initially 2 times per day, but this could change to once daily or another frequency). Depending on the part of the study, participants may also receive another study medicine.

* In the first part of the study, people with melanoma or other solid tumors may also receive encorafenib. Encorafenib comes as a capsule and is taken once per day.
* In the second part of the study, people with melanoma or other cancers with abnormalities in a gene called ""BRAF"" will receive PF-07799544 with other study medicines (for example, PF-07799933).

Participants may receive the study medicines for about 2 years. The study team will monitor how each participant is doing with the study treatment during regular visits at the study clinic.","Inclusion Criteria:

* Diagnosis of advanced/metastatic solid tumor including primary brain tumor for monotherapy phase 1a dose escalation
* Disease progressed during/following last prior treatment and no satisfactory alternative treatment options for monotherapy phase 1a dose escalation
* For Substudy B, histological or cytological diagnosis of advanced/metastatic melanoma
* For Substudy C, unresectable or adv/metastatic solid tumor progressed on, or with demonstrated intolerance to SOC, excluding melanoma,
* For Substudy B and C, measurable disease by RECIST version 1.1
* For Substudy B, evidence of a BRAF V600 mutation or BRAF Class II/III alteration in tumor tissue and/or blood
* For Substudy C, evidence of a BRAF founder alteration (non-V600 Class II/III BRAF alteration)

Exclusion Criteria:

* Brain metastasis larger than 4 cm
* History or current evidence of retinal vein occlusion (RVO) or concurrent neuromuscular disorder associated with elevated creatine kinase (CK)",1,Age range allowed: NA. Sex allowed: Both. Cancer type allowed: Solid tumors. Histology allowed: NA. Cancer burden allowed: Advanced or metastatic (including primary brain tumor). Prior treatment required: Prior treatment followed by disease progression and no satisfactory alternative treatment options. Prior treatment excluded: NA. Biomarkers required: NA. Biomarkers excluded: NA.,"Brain metastasis larger than 4 cm
History or current evidence of retinal vein occlusion (RVO)
Concurrent neuromuscular disorder associated with elevated creatine kinase (CK)"
21339,NCT06234423,1,True,"Age: 76
Sex: Female
Cancer type: Ovarian cancer
Histology: High-grade serous carcinoma
Current extent: Metastatic (FIGO Stage IVB). Most recent imaging (2026-05-10) shows new subcentimeter peritoneal implants and stable hepatic metastases (largest 3.5 cm). Most recent CA-125 48 U/mL.
Biomarkers: PAX8 positive, WT-1 positive, CK7 strong diffuse positive, p53 aberrant overexpression (null pattern), Ki-67 70%, ER focal weak positive, PR negative, HER2 negative (Score 0-1+), BRCA2 pathogenic frameshift (p.Ser1982Argfs*22), TP53 missense (p.Arg248Gln), ATM homozygous loss, MYC amplification, HRD score 78 (positive), TMB 4.2 mut/Mb, MSI stable.
Treatment history:
# 2021-02-08: Optimal cytoreductive laparotomy (total abdominal hysterectomy, bilateral salpingo-oophorectomy, infracolic omentectomy)
# Ended 2022-07-2022: carboplatin and paclitaxel (6 cycles); best response partial response
# 2022-08-2022 to 2023-08-2023: niraparib; best response stable disease
# 2025-02-2025 to 2025-08-2025: trabectedin; best response progressive disease
# 2025-10-2025 to present: rucaparib; best response stable disease
# 2026-01-2026: Radiofrequency ablation of dominant hepatic metastasis and stereotactic body radiation therapy to para-aortic lymph node",ECOG 1. History of Grade 1 peripheral sensory neuropathy. Chronic Grade 2 anemia.,"A Phase 1, First-in-Human Study of CUSP06, a Cadherin-6 (CDH6)-Directed Antibody-Drug Conjugate, in Patients With Platinum-Refractory/Resistant Ovarian Cancer and Other Advanced Solid Tumors","This phase 1 study will evaluate the safety, tolerability, pharmacokinetics, and efficacy of CUSP06 in patients with platinum-refractory/resistant ovarian cancer and other advanced solid tumors.","Inclusion Criteria:

* Written informed consent provided prior to any screening procedures.
* Male or female patients, ≥18 years of age at the time of obtaining informed consent.
* Patients with histologically or cytologically confirmed advanced solid tumors previously treated with standard of care systemic therapy, or for whom no standard therapy is available.
* Willingness to provide archival tumor tissue collected within the previous 2 years, when available. If no archival tissue is available that was collected within a 2 year timeframe, willingness to undergo a pretreatment biopsy if medically feasible and safe.

  * For patients on Phase 1b dose expansion, willingness to undergo pre- and on-treatment biopsies if medically feasible and safe.
* Measurable disease per RECIST 1.1.
* Eastern Cooperative Oncology Group (ECOG) performance status of 0 or 1 and life expectancy of ≥12 weeks.
* Adequate organ function as defined by:

  * Absolute neutrophil count (ANC) ≥1.5 x 109/L (1500/µL), without colony-stimulating factor support for the past 14 days.
  * Platelets ≥100.0 x 109/L (100 000/µL).
  * Hemoglobin ≥9.0 g/dL (without blood transfusion in 2-week period prior to screening laboratory tests).
  * Creatinine clearance (CrCl) ≥45 mL/min as calculated by the Cockcroft-Gault method.
  * Serum total bilirubin ≤ 1.5 x the upper limit of normal (ULN).
  * Aspartate aminotransferase (AST) ≤2.5 x ULN; alanine aminotransferase (ALT) ≤ 2.5 x ULN.
  * International normalized ratio (INR) ≤ 1.5; activated partial thromboplastin time (aPTT) ≤ 1.5 x ULN.
  * Left ventricular ejection fraction (LVEF) ≥50% as per echocardiography (ECHO) or multi-gated acquisition scan (MUGA).
  * Q wave to T wave (QT) interval corrected for heart rate (QTc) ≤480 ms (Fridericia's formula).
* Women of child-bearing potential (WCBP), defined as a sexually mature woman who has not undergone surgical sterilization or who has not been naturally postmenopausal for at least 12 consecutive months (i.e., who has had menses any time in the preceding 12 consecutive months) must agree to use 2 effective contraceptive methods; examples include oral, parenteral, or implantable hormonal contraceptive, intra-uterine device, barrier contraceptive with spermicide, partner's latex (or polyisoprene, if latex allergy) condom or vasectomy while on study treatment and for at least 12 weeks after the last dose of the study drug.

  * WCBP must have a negative serum pregnancy test within 72 hours prior to first dose of the study drug.
  * Male patients must agree to use a latex (or polyisoprene, if latex allergy) condom, even if they had a successful vasectomy, while on study treatment and for at least 12 weeks after the last dose of the study drug.
* Patients must be willing and able to sign the informed consent form, and to adhere to the study visit schedule and other protocol requirements.

Exclusion Criteria:

* Prior treatment an ADC with a topoisomerase I (TOP1) payload.
* Active or progressing brain metastases or evidence of leptomeningeal disease. Stable/treated brain metastases are permitted (defined as history of brain metastases previously treated with surgical resection or stereotactic radiosurgery, stable on baseline screening study MRI brain for at least 2 months (compared to comparator MRI brain) and asymptomatic without requirement for steroids or antiseizure medications.
* Persistent toxicities from previous systemic antineoplastic treatments of Grade \>1, excluding alopecia and vitiligo.
* Systemic antineoplastic therapy within 5 half-lives or 4 weeks, whichever is shorter, prior to first dose of the study drug, including investigational agents.
* Wide-field radiotherapy (e.g., \>30% of marrow-bearing bones) within 4 weeks, or focal radiation with palliative intent outside the field of measurable disease within 2 weeks prior to first dose of the study drug.
* Major surgery (not including placement of vascular access device or tumor biopsies) within 4 weeks prior to first dose of study drug, or no recovery from side effects of such intervention.
* Has had clinically significant lung disease requiring systemic corticosteroid treatment within the last 6 months of randomization/registration (e.g., interstitial pneumonia, pneumonitis, pulmonary fibrosis, and severe radiation pneumonitis) or who are suspected to have such diseases by imaging at screening period.
* Patients with acute or chronic pancreatitis and/or any cirrhosis except cirrhosis diagnosed as Child-Pugh class A.
* Hepatic insufficiency manifesting as clinical jaundice, hepatic encephalopathy, and/or variceal bleed within 60 days prior to study entry.
* History of liver transplant.
* Prior allogeneic bone marrow transplantation.
* Significant cardiac disease, such as recent (within 6 months prior to first dose of the study drug) myocardial infarction or acute coronary syndromes (including unstable angina pectoris), congestive heart failure (New York Heart Association class III or IV), uncontrolled hypertension, uncontrolled cardiac arrhythmias, severe aortic stenosis.
* History of thromboembolic or cerebrovascular events, including transient ischemic attacks, cerebrovascular accidents, deep vein thrombosis, or pulmonary emboli within 3 months prior to first dose of the study drug.
* Acute and/or clinically significant bacterial, fungal, or viral infection including hepatitis B (HBV), hepatitis C (HCV), known human immunodeficiency virus (HIV).

  * Note: patients with chronic HBV, HCV or HIV infection will be eligible if they are considered upon a mutual agreement of the Investigator and the Medical Monitor as safe for enrollment and meet one of the following additional conditions:
  * Patients with HIV infection are on an established antiretroviral therapy for at least 4 weeks, and have CD4+ T-cell counts ≥350 cells/µL and HIV viral load \<400 copies/mL,
  * Patients with serologic evidence of chronic HBV infection receive concurrent anti-HBV therapy and have HBV viral load below the limit of quantification,
  * Patients with a history of HCV infection must have completed curative anti-HCV therapy and have HCV viral load below the limit of quantification,
  * Patients on concurrent anti-HCV therapy have HCV viral load below the limit of quantification.
* Known or suspected allergy to the study drug or any component of the study drug.
* Concurrent participation in another investigational clinical trial.
* Pregnant or breast-feeding females.
* Prior history of malignancy other than inclusion diagnosis within 3 years prior to first dose of the study drug.

  * Note: patients with adequately treated basal cell or squamous cell skin cancer, non-invasive superficial bladder cancer, in situ cervical cancer, in situ breast cancer, in situ prostate cancer may be eligible if have shown no evidence of active disease for 2 years prior to first dose of drug.
* Any other severe acute or chronic medical or psychiatric conditions or laboratory abnormality that may increase the risk associated with the study participation or the study drug administration or may interfere with the interpretation of study results and, in the judgment of the Investigator, would make the patient inappropriate for enrollment in this study.",1,Age range allowed: >=18 years. Sex allowed: Female. Cancer type allowed: Ovarian cancer. Histology allowed: NA. Cancer burden allowed: Platinum-refractory or platinum-resistant and advanced. Prior treatment required: Standard of care systemic therapy or no standard therapy available. Prior treatment excluded: Antibody-drug conjugate with a topoisomerase I payload. Biomarkers required: NA. Biomarkers excluded: NA.,"Poor performance status (ECOG > 1).
Active or progressing brain metastases or evidence of leptomeningeal disease.
Persistent toxicities from previous systemic antineoplastic treatments of Grade > 1, excluding alopecia and vitiligo.
Clinically significant lung disease requiring systemic corticosteroid treatment (e.g., interstitial pneumonia, pneumonitis, pulmonary fibrosis, and severe radiation pneumonitis) or suspected such diseases by imaging at screening.
Acute or chronic pancreatitis and/or any cirrhosis except Child-Pugh class A.
Hepatic insufficiency manifesting as clinical jaundice, hepatic encephalopathy, and/or variceal bleed.
History of liver transplant.
Prior allogeneic bone marrow transplantation.
Significant cardiac disease (e.g., recent myocardial infarction, acute coronary syndromes, congestive heart failure New York Heart Association class III or IV, uncontrolled hypertension, uncontrolled cardiac arrhythmias, severe aortic stenosis).
History of thromboembolic or cerebrovascular events (e.g., transient ischemic attacks, cerebrovascular accidents, deep vein thrombosis, or pulmonary emboli).
Acute and/or clinically significant bacterial, fungal, or viral infection including hepatitis B, hepatitis C, or human immunodeficiency virus (unless meeting specific stability criteria).
Known or suspected allergy to the study drug or its components.
Concurrent participation in another investigational clinical trial.
Pregnancy or breast-feeding.
Prior history of malignancy other than inclusion diagnosis within 3 years (excluding adequately treated basal cell or squamous cell skin cancer, non-invasive superficial bladder cancer, in situ cervical cancer, in situ breast cancer, or in situ prostate cancer).
Any other severe acute or chronic medical or psychiatric conditions or laboratory abnormality that may increase risk or interfere with results."
21339,NCT05785741,2,True,"Age: 76
Sex: Female
Cancer type: Ovarian cancer
Histology: High-grade serous carcinoma
Current extent: Metastatic (FIGO Stage IVB). Most recent imaging (2026-05-10) shows new subcentimeter peritoneal implants and stable hepatic metastases (largest 3.5 cm). Most recent CA-125 48 U/mL.
Biomarkers: PAX8 positive, WT-1 positive, CK7 strong diffuse positive, p53 aberrant overexpression (null pattern), Ki-67 70%, ER focal weak positive, PR negative, HER2 negative (Score 0-1+), BRCA2 pathogenic frameshift (p.Ser1982Argfs*22), TP53 missense (p.Arg248Gln), ATM homozygous loss, MYC amplification, HRD score 78 (positive), TMB 4.2 mut/Mb, MSI stable.
Treatment history:
# 2021-02-08: Optimal cytoreductive laparotomy (total abdominal hysterectomy, bilateral salpingo-oophorectomy, infracolic omentectomy)
# Ended 2022-07-2022: carboplatin and paclitaxel (6 cycles); best response partial response
# 2022-08-2022 to 2023-08-2023: niraparib; best response stable disease
# 2025-02-2025 to 2025-08-2025: trabectedin; best response progressive disease
# 2025-10-2025 to present: rucaparib; best response stable disease
# 2026-01-2026: Radiofrequency ablation of dominant hepatic metastasis and stereotactic body radiation therapy to para-aortic lymph node",ECOG 1. History of Grade 1 peripheral sensory neuropathy. Chronic Grade 2 anemia.,"A Phase 1/2a, Multicenter, Open-Label, First in Human Study to Assess the Safety, Tolerability, Pharmacokinetics, and Preliminary Antitumor Activity of DB-1310 in Subjects With Advanced/Metastatic Solid Tumors",This is a dose-escalation and dose-expansion Phase 1/2a trial to evaluate the safety and tolerability of DB-1310 in subjects with advanced solid tumors.,"Inclusion Criteria:

1. Male or female adults (defined as ≥ 18 years of age or acceptable age according to local regulations at the time of voluntarily signing of informed consent).
2. Have relapsed or progressed on or after standard systemic treatments, or intolerable with standard treatment, or for which no standard treatment is available. Documented radiological disease progression during/after most recent treatment regimen for advanced/unresectable, or metastatic disease.
3. At least one measurable lesion as assessed by the investigator according to response evaluation criteria in solid tumors (RECIST) version 1.1 criteria.
4. Has a life expectancy of ≥ 3 months.
5. Has an Eastern Cooperative Oncology Group (ECOG) performance status (PS) of 0-1.
6. Has LVEF ≥ 50% by either echocardiography (ECHO) or multiple-gated acquisition (MUGA) within 28 days before enrollment.
7. Has adequate organ functions within 7 days prior to Day 1 of Cycle 1.
8. Has adequate treatment washout period prior to Day 1 of Cycle 1.
9. Is willing to provide pre-existing resected tumor samples or undergo fresh tumor biopsy for the measurement of HER3 level and other biomarkers if no contraindication. For HER2 IHC 0 breast cancer subjects, it is highly recommended to collect additional tumor sample (Refer to Lab Manual).
10. Is capable of comprehending study procedures and risks outlined in the informed consent and able to provide written consent and agree to comply with the requirements of the study and the schedule of assessments.
11. Male and female subjects of reproductive/childbearing potential must agree to use adequate contraceptive methods (e.g., double barrier or intrauterine contraceptive) during the study and for at least 4 months and 7 months after the last dose of study drug, respectively.

    Females must be using highly effective contraceptive measures during the study and for at least 7 months after the last dosing of study drug, and must have a negative pregnancy test prior to start of dosing if of child-bearing potential, or must have evidence of non-child-bearing potential by fulfilling one of the following criteria at screening:
    * Post-menopausal defined as aged 50 years or more and amenorrhoeic for at least 12 months following cessation of all exogenous hormonal treatments
    * Women under 50 years old would be considered postmenopausal if they have been amenorrhoeic for 12 months or more following cessation of exogenous hormonal treatments and with LH and FSH levels in the post-menopausal range for the institution
    * Documentation of irreversible surgical sterilization by hysterectomy, bilateral oophorectomy or bilateral salpingectomy but not tubal ligation
12. Male subjects must not freeze or donate sperm starting at screening and throughout the study period, and at least 4 months after the final study drug administration.
13. Female subjects must not donate, or retrieve for their own use, ova from the time of screening and throughout the study treatment period, and for at least 7 months after the final study drug administration.

Exclusion Criteria:

1. Prior treatment with HER3 targeted therapy.
2. Prior treatment with antibody drug conjugate with topoisomerase I inhibitor (except trastuzumab deruxtecantopoisomerase I inhibitor HER2 ADC for backfilled subjects in Combo A of Phase 1 and subjects in Cohort 2e of Phase 2a, and not applicable for subjects enrolled for DLT observation in Phase 1).
3. Has a medical history of symptomatic congestive heart failure (CHF) (New York Heart Association \[NYHA\] classes II-IV) or serious cardiac arrhythmia requiring treatment.
4. Has a medical history of myocardial infarction or unstable angina within 6 months before enrollment.
5. Has any clinically important abnormalities in rhythm, conduction or morphology of resting electrocardiogram (ECG), e.g., complete left bundle branch block, third-degree heart block, second-degree heart block, or PR interval \> 250 milliseconds (ms).
6. Has an average of Fredericia's formula-QT corrected interval (QTcF) prolongation to \> 470 millisecond (ms) in males and females based on a 12-lead electrocardiogram (ECG) in triplicate.
7. Unable or unwilling to discontinue concomitant drugs that are known to prolong the QT interval.

   For Combo B of Phase 1 and Cohort 2g, 2k of Phase 2a, patients currently receiving (or unable to stop use prior to receiving the first dose of Osimertinib) medications or herbal supplements known to be strong inducers of CYP3A4 (at least 3-week prior) (refer to Section 6.9.1) are ineligible, and all patients must try to avoid concomitant use of any medications, herbal supplements and/or ingestion of foods with known inducer effects on CYP3A4.
8. Has a history of (non-infectious) ILD/pneumonitis and/or radiation pneumonitis that required steroids, has current ILD/pneumonitis and/or radiation pneumonitis, or where suspected ILD/pneumonitis and/or radiation pneumonitis cannot be ruled out by imaging at screening.
9. Have a lung-specific intercurrent clinically significant illness including, but not limited to, any underlying pulmonary disorder (e.g., pulmonary emboli within 3 months prior to Cycle 1 Day 1, severe asthma, severe chronic obstructive pulmonary disorder, restrictive lung disease, significant pleural effusion etc.), and any autoimmune, connective tissue or inflammatory disorder with pulmonary involvement (e.g., rheumatoid arthritis, Sjogren's syndrome, sarcoidosis etc.), and/or prior pneumonectomy (complete).
10. Has an uncontrolled infection requiring intravenous injection of antibiotics, antivirals, or antifungals.
11. Has clinically significant corneal disease.
12. Know human immunodeficiency virus (HIV) infection.
13. Subjects have active viral (any etiology) hepatitis are excluded. However, subjects with positive hepatitis B surface antigen (HBsAg) who have the HBV DNA (viral load) below the lower limit quantification or HBV DNA titer \< 1000 cps/mL or 100 IU/mL per local testing and are not currently on viral suppressive therapy may be eligible and should be discussed with the Sponsor's Medical Monitor. However, subjects with a history of hepatitis C virus (HCV) infection who have completed curative antiviral treatment and have the HCV RNA below the lower limit of quantification per local testing are eligible for study entry.
14. Is a lactating mother (women who are willing to temporarily interrupt breastfeeding will also be excluded), or pregnant as confirmed by serum pregnancy tests performed within 7 days prior to Cycle 1 Day 1.
15. Has clinically active brain metastases, defined as untreated and symptomatic, or requiring therapy with steroids or anticonvulsants to control associated symptoms. However, subjects with asymptomatic central nervous system (CNS) metastases who are radiologically and neurologically stable for at least 4 weeks following CNS-directed therapy, and who are on stable or decreasing doses of corticosteroids equivalent to ≤10 mg/day prednisone are eligible for study entry.
16. Has unresolved toxicities from previous anticancer therapy, defined as toxicities (other than alopecia) not yet resolved to NCI-CTCAE version 5.0, grade ≤ 1 or baseline. Subjects with chronic Grade 2 toxicities (e.g., Grade 2 neuropathy) may be eligible based on the discussion and agreement between Investigator and Sponsor.
17. Has multiple primary malignancies within 3 years before enrollment, except adequately resected non-melanoma skin cancer (e.g., resected basal or squamous cell skin cancer), curatively treated in-situ disease (e.g., carcinoma in situ of the cervix or breast), other solid tumors curatively treated (e.g., superficial bladder cancer), or contralateral breast cancer.
18. Has substance abuse or any other medical conditions that would increase the safety risk to the subject or interfere with participation or evaluation of the clinical study in the opinion of the investigator.
19. Has known hypersensitivity to either the drug substances or inactive ingredients in the drug product.
20. Patients with other reasons that, in the opinion of the Investigator, make them unsuitable to participate in this study.

NOTE: Other protocol defined Inclusion/Exclusion criteria may apply.",1,Age range allowed: 18 years or older. Sex allowed: Male or Female. Cancer type allowed: Solid tumors. Histology allowed: NA. Cancer burden allowed: Advanced or metastatic. Prior treatment required: Relapsed or progressed on or after standard systemic treatments or intolerable with standard treatment or no standard treatment available. Prior treatment excluded: Prior treatment with HER3 targeted therapy or prior treatment with antibody drug conjugate with topoisomerase I inhibitor. Biomarkers required: NA. Biomarkers excluded: NA.,"Poor performance status (eg ECOG >1).
Left ventricular ejection fraction (LVEF) < 50%.
Inadequate organ functions.
Symptomatic congestive heart failure (New York Heart Association classes II-IV) or serious cardiac arrhythmia requiring treatment.
Myocardial infarction or unstable angina within 6 months before enrollment.
Clinically important abnormalities in rhythm, conduction or morphology of resting electrocardiogram (eg, complete left bundle branch block, third-degree heart block, second-degree heart block, or PR interval > 250 milliseconds).
Average Fredericia's formula-QT corrected interval (QTcF) prolongation > 470 milliseconds.
Unable or unwilling to discontinue concomitant drugs known to prolong the QT interval.
Current use of medications or herbal supplements known to be strong inducers of CYP3A4.
History of (non-infectious) interstitial lung disease (ILD), pneumonitis, and/or radiation pneumonitis that required steroids, current ILD/pneumonitis and/or radiation pneumonitis, or suspected ILD/pneumonitis and/or radiation pneumonitis that cannot be ruled out by imaging.
Lung-specific intercurrent clinically significant illness (eg, pulmonary emboli within 3 months prior to Cycle 1 Day 1, severe asthma, severe chronic obstructive pulmonary disorder, restrictive lung disease, significant pleural effusion, autoimmune, connective tissue or inflammatory disorder with pulmonary involvement, or prior complete pneumonectomy).
Uncontrolled infection requiring intravenous injection of antibiotics, antivirals, or antifungals.
Clinically significant corneal disease.
Known human immunodeficiency virus (HIV) infection.
Active viral hepatitis (excluding HBsAg positive subjects with HBV DNA < 1000 cps/mL or 100 IU/mL and not on viral suppressive therapy, and excluding history of hepatitis C virus infection who completed curative treatment and have HCV RNA below the lower limit of quantification).
Pregnant or lactating.
Clinically active brain metastases (defined as untreated and symptomatic, or requiring therapy with steroids or anticonvulsants to control associated symptoms).
Unresolved toxicities from previous anticancer therapy (grade > 1 per NCI-CTCAE version 5.0, except for alopecia).
Multiple primary malignancies within 3 years before enrollment (except adequately resected non-melanoma skin cancer, curatively treated in-situ disease, other curatively treated solid tumors, or contralateral breast cancer).
Substance abuse or other medical conditions that increase safety risk or interfere with participation.
Known hypersensitivity to drug substances or inactive ingredients."
21339,NCT05538130,3,True,"Age: 76
Sex: Female
Cancer type: Ovarian cancer
Histology: High-grade serous carcinoma
Current extent: Metastatic (FIGO Stage IVB). Most recent imaging (2026-05-10) shows new subcentimeter peritoneal implants and stable hepatic metastases (largest 3.5 cm). Most recent CA-125 48 U/mL.
Biomarkers: PAX8 positive, WT-1 positive, CK7 strong diffuse positive, p53 aberrant overexpression (null pattern), Ki-67 70%, ER focal weak positive, PR negative, HER2 negative (Score 0-1+), BRCA2 pathogenic frameshift (p.Ser1982Argfs*22), TP53 missense (p.Arg248Gln), ATM homozygous loss, MYC amplification, HRD score 78 (positive), TMB 4.2 mut/Mb, MSI stable.
Treatment history:
# 2021-02-08: Optimal cytoreductive laparotomy (total abdominal hysterectomy, bilateral salpingo-oophorectomy, infracolic omentectomy)
# Ended 2022-07-2022: carboplatin and paclitaxel (6 cycles); best response partial response
# 2022-08-2022 to 2023-08-2023: niraparib; best response stable disease
# 2025-02-2025 to 2025-08-2025: trabectedin; best response progressive disease
# 2025-10-2025 to present: rucaparib; best response stable disease
# 2026-01-2026: Radiofrequency ablation of dominant hepatic metastasis and stereotactic body radiation therapy to para-aortic lymph node",ECOG 1. History of Grade 1 peripheral sensory neuropathy. Chronic Grade 2 anemia.,A PHASE 1A/B OPEN-LABEL MASTER STUDY OF PF-07799544 AS A SINGLE-AGENT AND IN COMBINATION WITH OTHER TARGETED AGENTS IN PARTICIPANTS WITH ADVANCED SOLID TUMORS,"The purpose of this clinical trial is to learn the safety and effects of the study medicine (PF-07799544) administered as a single agent and in combination with other study medications in people with solid tumors. This study is seeking participants who have an advanced solid tumor for which the available treatments are no longer effective in controlling their cancer. All participants in this study will receive PF-07799544. PF-07799544 comes as a tablet to take by mouth daily (initially 2 times per day, but this could change to once daily or another frequency). Depending on the part of the study, participants may also receive another study medicine.

* In the first part of the study, people with melanoma or other solid tumors may also receive encorafenib. Encorafenib comes as a capsule and is taken once per day.
* In the second part of the study, people with melanoma or other cancers with abnormalities in a gene called ""BRAF"" will receive PF-07799544 with other study medicines (for example, PF-07799933).

Participants may receive the study medicines for about 2 years. The study team will monitor how each participant is doing with the study treatment during regular visits at the study clinic.","Inclusion Criteria:

* Diagnosis of advanced/metastatic solid tumor including primary brain tumor for monotherapy phase 1a dose escalation
* Disease progressed during/following last prior treatment and no satisfactory alternative treatment options for monotherapy phase 1a dose escalation
* For Substudy B, histological or cytological diagnosis of advanced/metastatic melanoma
* For Substudy C, unresectable or adv/metastatic solid tumor progressed on, or with demonstrated intolerance to SOC, excluding melanoma,
* For Substudy B and C, measurable disease by RECIST version 1.1
* For Substudy B, evidence of a BRAF V600 mutation or BRAF Class II/III alteration in tumor tissue and/or blood
* For Substudy C, evidence of a BRAF founder alteration (non-V600 Class II/III BRAF alteration)

Exclusion Criteria:

* Brain metastasis larger than 4 cm
* History or current evidence of retinal vein occlusion (RVO) or concurrent neuromuscular disorder associated with elevated creatine kinase (CK)",1,Age range allowed: NA. Sex allowed: Both. Cancer type allowed: Solid tumors. Histology allowed: NA. Cancer burden allowed: Advanced or metastatic (including primary brain tumor). Prior treatment required: Prior treatment followed by disease progression and no satisfactory alternative treatment options. Prior treatment excluded: NA. Biomarkers required: NA. Biomarkers excluded: NA.,"Brain metastasis larger than 4 cm
History or current evidence of retinal vein occlusion (RVO)
Concurrent neuromuscular disorder associated with elevated creatine kinase (CK)"
3996000000,NCT03319901,1,True,"Age: 45
Sex: Male
Cancer type: T-cell lymphoblastic lymphoma
Histology: Precursor T-cell lymphoblastic lymphoma
Current extent: Metastatic (mediastinum, lungs, and liver as of 2026-01-04)
Biomarkers: CD3 positive, CD7 positive, CD1a positive, TdT positive, CD20 negative, CD19 negative, CD22 negative, Ki-67 approximately 90%, NOTCH1 p.Val1578Phe, JAK3 p.Val678Met, PTEN homozygous deletion, TAL1-ST5 fusion
Treatment history:
# 2020-2023: cyclophosphamide, vincristine, doxorubicin, and dexamethasone alternating with high-dose methotrexate and cytarabine; best response partial response
# 2023: nelarabine; best response stable disease
# 2024: palliative external beam radiotherapy (30 Gy in 10 fractions) to the mediastinum; achieved partial local response
# 2025: azacitidine; discontinued due to grade 3 transaminitis",ECOG 2. Grade 2 peripheral neuropathy. Chronic resolved hepatitis B infection. History of Grade 3 mucositis (resolved). Grade 3 transaminitis secondary to hepatic infiltration. History of deep vein thrombosis (right popliteal and left femoral).,A Phase Ib Study of the Combination of Venetoclax With Chemotherapy as Frontline Therapy in Older Patients and Patients With Relapsed/Refractory Acute Lymphoblastic Leukemia,"This research study is studying a medication called Venetoclax and a chemotherapy regimen as a possible treatment for Acute Lymphoblastic Leukemia.

The drugs involved in this study are:

* Venetoclax
* Standard Chemotherapy (which includes cyclophosphamide, vincristine, doxorubicin, dexamethasone, methotrexate, 6-mercaptopurine, etoposide, and cytarabine","Inclusion Criteria:

* Patients with previously untreated acute lymphoblastic leukemia (B-cell or T-cell)
* Bone marrow involvement with ≥20% lymphoblasts
* Age ≥ 60 Years

OR

* Patients with relapsed or refractory acute lymphoblastic leukemia (B-cell or T-cell) defined as receiving one or more cytotoxic containing regimens
* Bone marrow involvement with ≥5% lymphoblasts
* Age ≥ 18 Years
* Eastern Cooperative Oncology Group (ECOG) performance status ≤2 (Refer to Appendix D)
* Adequate organ function

  * Serum total bilirubin ≤1.5 x upper limit of normal (ULN) or ≤3 x ULN for patients with Gilbert's disease
  * Alanine aminotransferase (ALT) and aspartate aminotransferase (AST) ≤3.0 x ULN, unless clearly due to disease involvement
  * Creatinine clearance \>50 mL/min (calculated according to institutional standards or using Cockcroft-Gault or Modification of Diet in Renal Disease (MDRD) formula)
* Women of childbearing potential must have a negative serum or urine beta human chorionic gonadotropin (β-hCG) pregnancy test result within 14 days prior to the first dose of study drugs and must agree to use an effective contraception method during the study and for 30 days following the last dose of study drug. Women of non- childbearing potential are those who are postmenopausal greater than 1 year or who have had a bilateral tubal ligation or hysterectomy. Men who have partners of childbearing potential must agree to use an effective contraceptive method during the study and for 30 days following the last dose of study drug
* Patients or their legally authorized representative must provide written informed consent

Exclusion Criteria:

* Ph-positive ALL, Burkitt's leukemia/lymphoma, or lymphoblastic lymphoma
* Patient is pregnant or breastfeeding
* Patients with uncontrolled infection
* Hepatitis B or C infection, or known seropositivity for human immunodeficiency virus (HIV)
* Major surgery or radiation therapy within 4 weeks prior to the first study dose
* Systemic chemotherapy/radiotherapy/investigational therapy within 14 days (with the exception of hydroxyurea and/or dexamethasone, or one dose of cytarabine) prior to starting therapy
* Symptomatic or untreated leptomeningeal disease or spinal cord compression
* Patients with active heart disease (New York Heart Association (NYHA) class 3-4 as assessed by history and physical examination, unstable angina/stroke/myocardial infarction within the last 6 months)
* Patients with a cardiac ejection fraction (as measured by either Multi Gated Acquisition (MUGA) or echocardiogram (EKG)) \<40%
* History of another primary invasive malignancy that has not been definitively treated or in remission for at least 2 years. Patients with non-melanoma skin cancers or with carcinomas in situ are eligible regardless of the time from diagnosis (including concomitant diagnoses)
* Concurrent use of warfarin
* Received Cytochrome P450 3A (CYP3A) inhibitors (such as fluconazole, ketoconazole, voriconazole, and clarithromycin) within 3 days of starting venetoclax; received strong CYP3A inducers (such as rifampin, rifabutin, phenytoin, carbamazepine, and St. John's Wort) within 3 days of starting venetoclax
* Consumed grapefruit, grapefruit products, Seville oranges, or star fruit within 3 days prior to starting venetoclax
* Prior treatment with venetoclax
* Malabsorption syndrome or other conditions that preclude enteral route of administration
* Other severe acute or chronic medical or psychiatric condition or laboratory abnormality that in the opinion of the investigator may increase the risk associated with study participation or investigational product administration or may interfere with the interpretation of study results and/or would make the patient inappropriate for enrollment into this study",4,Age range allowed: >= 18 Years. Sex allowed: Both. Cancer type allowed: Acute lymphoblastic leukemia. Histology allowed: T-cell. Cancer burden allowed: Bone marrow involvement with >= 5% lymphoblasts and no symptomatic or untreated leptomeningeal disease or spinal cord compression. Prior treatment required: One or more cytotoxic containing regimens. Prior treatment excluded: Venetoclax. Biomarkers required: NA. Biomarkers excluded: Philadelphia chromosome positive.,"Poor performance status (eg ECOG > 2)
Hepatic dysfunction (eg serum total bilirubin > 1.5 x ULN or ALT or AST > 3.0 x ULN)
Renal dysfunction (eg creatinine clearance <= 50 mL/min)
Pregnancy or breastfeeding
Uncontrolled infection
Hepatitis B or C infection, or known seropositivity for human immunodeficiency virus (HIV)
Active heart disease (eg NYHA class 3-4, unstable angina, stroke, or myocardial infarction within the last 6 months, or cardiac ejection fraction < 40%)
History of another primary invasive malignancy that has not been definitively treated or in remission for at least 2 years
Concurrent use of warfarin
Malabsorption syndrome or other conditions that preclude enteral route of administration"
4030000000,NCT06234423,1,True,"Age: 55
Sex: Female
Cancer type: Ovarian cancer
Histology: Low-grade serous carcinoma
Current extent: Metastatic (FIGO Stage IIIC). As of September 2025, imaging shows stable peritoneal implants (up to 1.2 cm) and a stable 1.9 cm para-aortic lymph node. Most recent CA-125 was 68 U/mL (plateaued).
Biomarkers: ER strong positive, PR weak positive, p53 wild-type, Ki-67 approx 5%, KRAS p.G12D (VAF 45%), NRAS p.Q61K (VAF 8%), PIK3CA p.E545K (VAF 12%), CCNE1 copy number gain (3-fold), BRAF V600E negative, BRCA1/2 negative, MSI stable, TMB low (3 muts/Mb)
Treatment history:
# 2020-08-22: total abdominal hysterectomy, bilateral salpingo-oophorectomy, infracolic omentectomy, pelvic and para-aortic lymphadenectomy; achieved R0 resection
# Late 2021-January 2022: carboplatin and paclitaxel (4 cycles); best response stable disease
# May 2023-present: letrozole; best response stable disease as of 2025-10-18",ECOG 0-1. Hypertension. Hyperlipidemia. Grade 1 arthralgia.,"A Phase 1, First-in-Human Study of CUSP06, a Cadherin-6 (CDH6)-Directed Antibody-Drug Conjugate, in Patients With Platinum-Refractory/Resistant Ovarian Cancer and Other Advanced Solid Tumors","This phase 1 study will evaluate the safety, tolerability, pharmacokinetics, and efficacy of CUSP06 in patients with platinum-refractory/resistant ovarian cancer and other advanced solid tumors.","Inclusion Criteria:

* Written informed consent provided prior to any screening procedures.
* Male or female patients, ≥18 years of age at the time of obtaining informed consent.
* Patients with histologically or cytologically confirmed advanced solid tumors previously treated with standard of care systemic therapy, or for whom no standard therapy is available.
* Willingness to provide archival tumor tissue collected within the previous 2 years, when available. If no archival tissue is available that was collected within a 2 year timeframe, willingness to undergo a pretreatment biopsy if medically feasible and safe.

  * For patients on Phase 1b dose expansion, willingness to undergo pre- and on-treatment biopsies if medically feasible and safe.
* Measurable disease per RECIST 1.1.
* Eastern Cooperative Oncology Group (ECOG) performance status of 0 or 1 and life expectancy of ≥12 weeks.
* Adequate organ function as defined by:

  * Absolute neutrophil count (ANC) ≥1.5 x 109/L (1500/µL), without colony-stimulating factor support for the past 14 days.
  * Platelets ≥100.0 x 109/L (100 000/µL).
  * Hemoglobin ≥9.0 g/dL (without blood transfusion in 2-week period prior to screening laboratory tests).
  * Creatinine clearance (CrCl) ≥45 mL/min as calculated by the Cockcroft-Gault method.
  * Serum total bilirubin ≤ 1.5 x the upper limit of normal (ULN).
  * Aspartate aminotransferase (AST) ≤2.5 x ULN; alanine aminotransferase (ALT) ≤ 2.5 x ULN.
  * International normalized ratio (INR) ≤ 1.5; activated partial thromboplastin time (aPTT) ≤ 1.5 x ULN.
  * Left ventricular ejection fraction (LVEF) ≥50% as per echocardiography (ECHO) or multi-gated acquisition scan (MUGA).
  * Q wave to T wave (QT) interval corrected for heart rate (QTc) ≤480 ms (Fridericia's formula).
* Women of child-bearing potential (WCBP), defined as a sexually mature woman who has not undergone surgical sterilization or who has not been naturally postmenopausal for at least 12 consecutive months (i.e., who has had menses any time in the preceding 12 consecutive months) must agree to use 2 effective contraceptive methods; examples include oral, parenteral, or implantable hormonal contraceptive, intra-uterine device, barrier contraceptive with spermicide, partner's latex (or polyisoprene, if latex allergy) condom or vasectomy while on study treatment and for at least 12 weeks after the last dose of the study drug.

  * WCBP must have a negative serum pregnancy test within 72 hours prior to first dose of the study drug.
  * Male patients must agree to use a latex (or polyisoprene, if latex allergy) condom, even if they had a successful vasectomy, while on study treatment and for at least 12 weeks after the last dose of the study drug.
* Patients must be willing and able to sign the informed consent form, and to adhere to the study visit schedule and other protocol requirements.

Exclusion Criteria:

* Prior treatment an ADC with a topoisomerase I (TOP1) payload.
* Active or progressing brain metastases or evidence of leptomeningeal disease. Stable/treated brain metastases are permitted (defined as history of brain metastases previously treated with surgical resection or stereotactic radiosurgery, stable on baseline screening study MRI brain for at least 2 months (compared to comparator MRI brain) and asymptomatic without requirement for steroids or antiseizure medications.
* Persistent toxicities from previous systemic antineoplastic treatments of Grade \>1, excluding alopecia and vitiligo.
* Systemic antineoplastic therapy within 5 half-lives or 4 weeks, whichever is shorter, prior to first dose of the study drug, including investigational agents.
* Wide-field radiotherapy (e.g., \>30% of marrow-bearing bones) within 4 weeks, or focal radiation with palliative intent outside the field of measurable disease within 2 weeks prior to first dose of the study drug.
* Major surgery (not including placement of vascular access device or tumor biopsies) within 4 weeks prior to first dose of study drug, or no recovery from side effects of such intervention.
* Has had clinically significant lung disease requiring systemic corticosteroid treatment within the last 6 months of randomization/registration (e.g., interstitial pneumonia, pneumonitis, pulmonary fibrosis, and severe radiation pneumonitis) or who are suspected to have such diseases by imaging at screening period.
* Patients with acute or chronic pancreatitis and/or any cirrhosis except cirrhosis diagnosed as Child-Pugh class A.
* Hepatic insufficiency manifesting as clinical jaundice, hepatic encephalopathy, and/or variceal bleed within 60 days prior to study entry.
* History of liver transplant.
* Prior allogeneic bone marrow transplantation.
* Significant cardiac disease, such as recent (within 6 months prior to first dose of the study drug) myocardial infarction or acute coronary syndromes (including unstable angina pectoris), congestive heart failure (New York Heart Association class III or IV), uncontrolled hypertension, uncontrolled cardiac arrhythmias, severe aortic stenosis.
* History of thromboembolic or cerebrovascular events, including transient ischemic attacks, cerebrovascular accidents, deep vein thrombosis, or pulmonary emboli within 3 months prior to first dose of the study drug.
* Acute and/or clinically significant bacterial, fungal, or viral infection including hepatitis B (HBV), hepatitis C (HCV), known human immunodeficiency virus (HIV).

  * Note: patients with chronic HBV, HCV or HIV infection will be eligible if they are considered upon a mutual agreement of the Investigator and the Medical Monitor as safe for enrollment and meet one of the following additional conditions:
  * Patients with HIV infection are on an established antiretroviral therapy for at least 4 weeks, and have CD4+ T-cell counts ≥350 cells/µL and HIV viral load \<400 copies/mL,
  * Patients with serologic evidence of chronic HBV infection receive concurrent anti-HBV therapy and have HBV viral load below the limit of quantification,
  * Patients with a history of HCV infection must have completed curative anti-HCV therapy and have HCV viral load below the limit of quantification,
  * Patients on concurrent anti-HCV therapy have HCV viral load below the limit of quantification.
* Known or suspected allergy to the study drug or any component of the study drug.
* Concurrent participation in another investigational clinical trial.
* Pregnant or breast-feeding females.
* Prior history of malignancy other than inclusion diagnosis within 3 years prior to first dose of the study drug.

  * Note: patients with adequately treated basal cell or squamous cell skin cancer, non-invasive superficial bladder cancer, in situ cervical cancer, in situ breast cancer, in situ prostate cancer may be eligible if have shown no evidence of active disease for 2 years prior to first dose of drug.
* Any other severe acute or chronic medical or psychiatric conditions or laboratory abnormality that may increase the risk associated with the study participation or the study drug administration or may interfere with the interpretation of study results and, in the judgment of the Investigator, would make the patient inappropriate for enrollment in this study.",1,Age range allowed: >=18 years. Sex allowed: Female. Cancer type allowed: Ovarian cancer. Histology allowed: NA. Cancer burden allowed: Platinum-refractory or platinum-resistant and advanced. Prior treatment required: Standard of care systemic therapy or no standard therapy available. Prior treatment excluded: Antibody-drug conjugate with a topoisomerase I payload. Biomarkers required: NA. Biomarkers excluded: NA.,"Poor performance status (ECOG > 1).
Active or progressing brain metastases or evidence of leptomeningeal disease.
Persistent toxicities from previous systemic antineoplastic treatments of Grade > 1, excluding alopecia and vitiligo.
Clinically significant lung disease requiring systemic corticosteroid treatment (e.g., interstitial pneumonia, pneumonitis, pulmonary fibrosis, and severe radiation pneumonitis) or suspected such diseases by imaging at screening.
Acute or chronic pancreatitis and/or any cirrhosis except Child-Pugh class A.
Hepatic insufficiency manifesting as clinical jaundice, hepatic encephalopathy, and/or variceal bleed.
History of liver transplant.
Prior allogeneic bone marrow transplantation.
Significant cardiac disease (e.g., recent myocardial infarction, acute coronary syndromes, congestive heart failure New York Heart Association class III or IV, uncontrolled hypertension, uncontrolled cardiac arrhythmias, severe aortic stenosis).
History of thromboembolic or cerebrovascular events (e.g., transient ischemic attacks, cerebrovascular accidents, deep vein thrombosis, or pulmonary emboli).
Acute and/or clinically significant bacterial, fungal, or viral infection including hepatitis B, hepatitis C, or human immunodeficiency virus (unless meeting specific stability criteria).
Known or suspected allergy to the study drug or its components.
Concurrent participation in another investigational clinical trial.
Pregnancy or breast-feeding.
Prior history of malignancy other than inclusion diagnosis within 3 years (excluding adequately treated basal cell or squamous cell skin cancer, non-invasive superficial bladder cancer, in situ cervical cancer, in situ breast cancer, or in situ prostate cancer).
Any other severe acute or chronic medical or psychiatric conditions or laboratory abnormality that may increase risk or interfere with results."
4030000000,NCT05785741,2,True,"Age: 55
Sex: Female
Cancer type: Ovarian cancer
Histology: Low-grade serous carcinoma
Current extent: Metastatic (FIGO Stage IIIC). As of September 2025, imaging shows stable peritoneal implants (up to 1.2 cm) and a stable 1.9 cm para-aortic lymph node. Most recent CA-125 was 68 U/mL (plateaued).
Biomarkers: ER strong positive, PR weak positive, p53 wild-type, Ki-67 approx 5%, KRAS p.G12D (VAF 45%), NRAS p.Q61K (VAF 8%), PIK3CA p.E545K (VAF 12%), CCNE1 copy number gain (3-fold), BRAF V600E negative, BRCA1/2 negative, MSI stable, TMB low (3 muts/Mb)
Treatment history:
# 2020-08-22: total abdominal hysterectomy, bilateral salpingo-oophorectomy, infracolic omentectomy, pelvic and para-aortic lymphadenectomy; achieved R0 resection
# Late 2021-January 2022: carboplatin and paclitaxel (4 cycles); best response stable disease
# May 2023-present: letrozole; best response stable disease as of 2025-10-18",ECOG 0-1. Hypertension. Hyperlipidemia. Grade 1 arthralgia.,"A Phase 1/2a, Multicenter, Open-Label, First in Human Study to Assess the Safety, Tolerability, Pharmacokinetics, and Preliminary Antitumor Activity of DB-1310 in Subjects With Advanced/Metastatic Solid Tumors",This is a dose-escalation and dose-expansion Phase 1/2a trial to evaluate the safety and tolerability of DB-1310 in subjects with advanced solid tumors.,"Inclusion Criteria:

1. Male or female adults (defined as ≥ 18 years of age or acceptable age according to local regulations at the time of voluntarily signing of informed consent).
2. Have relapsed or progressed on or after standard systemic treatments, or intolerable with standard treatment, or for which no standard treatment is available. Documented radiological disease progression during/after most recent treatment regimen for advanced/unresectable, or metastatic disease.
3. At least one measurable lesion as assessed by the investigator according to response evaluation criteria in solid tumors (RECIST) version 1.1 criteria.
4. Has a life expectancy of ≥ 3 months.
5. Has an Eastern Cooperative Oncology Group (ECOG) performance status (PS) of 0-1.
6. Has LVEF ≥ 50% by either echocardiography (ECHO) or multiple-gated acquisition (MUGA) within 28 days before enrollment.
7. Has adequate organ functions within 7 days prior to Day 1 of Cycle 1.
8. Has adequate treatment washout period prior to Day 1 of Cycle 1.
9. Is willing to provide pre-existing resected tumor samples or undergo fresh tumor biopsy for the measurement of HER3 level and other biomarkers if no contraindication. For HER2 IHC 0 breast cancer subjects, it is highly recommended to collect additional tumor sample (Refer to Lab Manual).
10. Is capable of comprehending study procedures and risks outlined in the informed consent and able to provide written consent and agree to comply with the requirements of the study and the schedule of assessments.
11. Male and female subjects of reproductive/childbearing potential must agree to use adequate contraceptive methods (e.g., double barrier or intrauterine contraceptive) during the study and for at least 4 months and 7 months after the last dose of study drug, respectively.

    Females must be using highly effective contraceptive measures during the study and for at least 7 months after the last dosing of study drug, and must have a negative pregnancy test prior to start of dosing if of child-bearing potential, or must have evidence of non-child-bearing potential by fulfilling one of the following criteria at screening:
    * Post-menopausal defined as aged 50 years or more and amenorrhoeic for at least 12 months following cessation of all exogenous hormonal treatments
    * Women under 50 years old would be considered postmenopausal if they have been amenorrhoeic for 12 months or more following cessation of exogenous hormonal treatments and with LH and FSH levels in the post-menopausal range for the institution
    * Documentation of irreversible surgical sterilization by hysterectomy, bilateral oophorectomy or bilateral salpingectomy but not tubal ligation
12. Male subjects must not freeze or donate sperm starting at screening and throughout the study period, and at least 4 months after the final study drug administration.
13. Female subjects must not donate, or retrieve for their own use, ova from the time of screening and throughout the study treatment period, and for at least 7 months after the final study drug administration.

Exclusion Criteria:

1. Prior treatment with HER3 targeted therapy.
2. Prior treatment with antibody drug conjugate with topoisomerase I inhibitor (except trastuzumab deruxtecantopoisomerase I inhibitor HER2 ADC for backfilled subjects in Combo A of Phase 1 and subjects in Cohort 2e of Phase 2a, and not applicable for subjects enrolled for DLT observation in Phase 1).
3. Has a medical history of symptomatic congestive heart failure (CHF) (New York Heart Association \[NYHA\] classes II-IV) or serious cardiac arrhythmia requiring treatment.
4. Has a medical history of myocardial infarction or unstable angina within 6 months before enrollment.
5. Has any clinically important abnormalities in rhythm, conduction or morphology of resting electrocardiogram (ECG), e.g., complete left bundle branch block, third-degree heart block, second-degree heart block, or PR interval \> 250 milliseconds (ms).
6. Has an average of Fredericia's formula-QT corrected interval (QTcF) prolongation to \> 470 millisecond (ms) in males and females based on a 12-lead electrocardiogram (ECG) in triplicate.
7. Unable or unwilling to discontinue concomitant drugs that are known to prolong the QT interval.

   For Combo B of Phase 1 and Cohort 2g, 2k of Phase 2a, patients currently receiving (or unable to stop use prior to receiving the first dose of Osimertinib) medications or herbal supplements known to be strong inducers of CYP3A4 (at least 3-week prior) (refer to Section 6.9.1) are ineligible, and all patients must try to avoid concomitant use of any medications, herbal supplements and/or ingestion of foods with known inducer effects on CYP3A4.
8. Has a history of (non-infectious) ILD/pneumonitis and/or radiation pneumonitis that required steroids, has current ILD/pneumonitis and/or radiation pneumonitis, or where suspected ILD/pneumonitis and/or radiation pneumonitis cannot be ruled out by imaging at screening.
9. Have a lung-specific intercurrent clinically significant illness including, but not limited to, any underlying pulmonary disorder (e.g., pulmonary emboli within 3 months prior to Cycle 1 Day 1, severe asthma, severe chronic obstructive pulmonary disorder, restrictive lung disease, significant pleural effusion etc.), and any autoimmune, connective tissue or inflammatory disorder with pulmonary involvement (e.g., rheumatoid arthritis, Sjogren's syndrome, sarcoidosis etc.), and/or prior pneumonectomy (complete).
10. Has an uncontrolled infection requiring intravenous injection of antibiotics, antivirals, or antifungals.
11. Has clinically significant corneal disease.
12. Know human immunodeficiency virus (HIV) infection.
13. Subjects have active viral (any etiology) hepatitis are excluded. However, subjects with positive hepatitis B surface antigen (HBsAg) who have the HBV DNA (viral load) below the lower limit quantification or HBV DNA titer \< 1000 cps/mL or 100 IU/mL per local testing and are not currently on viral suppressive therapy may be eligible and should be discussed with the Sponsor's Medical Monitor. However, subjects with a history of hepatitis C virus (HCV) infection who have completed curative antiviral treatment and have the HCV RNA below the lower limit of quantification per local testing are eligible for study entry.
14. Is a lactating mother (women who are willing to temporarily interrupt breastfeeding will also be excluded), or pregnant as confirmed by serum pregnancy tests performed within 7 days prior to Cycle 1 Day 1.
15. Has clinically active brain metastases, defined as untreated and symptomatic, or requiring therapy with steroids or anticonvulsants to control associated symptoms. However, subjects with asymptomatic central nervous system (CNS) metastases who are radiologically and neurologically stable for at least 4 weeks following CNS-directed therapy, and who are on stable or decreasing doses of corticosteroids equivalent to ≤10 mg/day prednisone are eligible for study entry.
16. Has unresolved toxicities from previous anticancer therapy, defined as toxicities (other than alopecia) not yet resolved to NCI-CTCAE version 5.0, grade ≤ 1 or baseline. Subjects with chronic Grade 2 toxicities (e.g., Grade 2 neuropathy) may be eligible based on the discussion and agreement between Investigator and Sponsor.
17. Has multiple primary malignancies within 3 years before enrollment, except adequately resected non-melanoma skin cancer (e.g., resected basal or squamous cell skin cancer), curatively treated in-situ disease (e.g., carcinoma in situ of the cervix or breast), other solid tumors curatively treated (e.g., superficial bladder cancer), or contralateral breast cancer.
18. Has substance abuse or any other medical conditions that would increase the safety risk to the subject or interfere with participation or evaluation of the clinical study in the opinion of the investigator.
19. Has known hypersensitivity to either the drug substances or inactive ingredients in the drug product.
20. Patients with other reasons that, in the opinion of the Investigator, make them unsuitable to participate in this study.

NOTE: Other protocol defined Inclusion/Exclusion criteria may apply.",1,Age range allowed: 18 years or older. Sex allowed: Male or Female. Cancer type allowed: Solid tumors. Histology allowed: NA. Cancer burden allowed: Advanced or metastatic. Prior treatment required: Relapsed or progressed on or after standard systemic treatments or intolerable with standard treatment or no standard treatment available. Prior treatment excluded: Prior treatment with HER3 targeted therapy or prior treatment with antibody drug conjugate with topoisomerase I inhibitor. Biomarkers required: NA. Biomarkers excluded: NA.,"Poor performance status (eg ECOG >1).
Left ventricular ejection fraction (LVEF) < 50%.
Inadequate organ functions.
Symptomatic congestive heart failure (New York Heart Association classes II-IV) or serious cardiac arrhythmia requiring treatment.
Myocardial infarction or unstable angina within 6 months before enrollment.
Clinically important abnormalities in rhythm, conduction or morphology of resting electrocardiogram (eg, complete left bundle branch block, third-degree heart block, second-degree heart block, or PR interval > 250 milliseconds).
Average Fredericia's formula-QT corrected interval (QTcF) prolongation > 470 milliseconds.
Unable or unwilling to discontinue concomitant drugs known to prolong the QT interval.
Current use of medications or herbal supplements known to be strong inducers of CYP3A4.
History of (non-infectious) interstitial lung disease (ILD), pneumonitis, and/or radiation pneumonitis that required steroids, current ILD/pneumonitis and/or radiation pneumonitis, or suspected ILD/pneumonitis and/or radiation pneumonitis that cannot be ruled out by imaging.
Lung-specific intercurrent clinically significant illness (eg, pulmonary emboli within 3 months prior to Cycle 1 Day 1, severe asthma, severe chronic obstructive pulmonary disorder, restrictive lung disease, significant pleural effusion, autoimmune, connective tissue or inflammatory disorder with pulmonary involvement, or prior complete pneumonectomy).
Uncontrolled infection requiring intravenous injection of antibiotics, antivirals, or antifungals.
Clinically significant corneal disease.
Known human immunodeficiency virus (HIV) infection.
Active viral hepatitis (excluding HBsAg positive subjects with HBV DNA < 1000 cps/mL or 100 IU/mL and not on viral suppressive therapy, and excluding history of hepatitis C virus infection who completed curative treatment and have HCV RNA below the lower limit of quantification).
Pregnant or lactating.
Clinically active brain metastases (defined as untreated and symptomatic, or requiring therapy with steroids or anticonvulsants to control associated symptoms).
Unresolved toxicities from previous anticancer therapy (grade > 1 per NCI-CTCAE version 5.0, except for alopecia).
Multiple primary malignancies within 3 years before enrollment (except adequately resected non-melanoma skin cancer, curatively treated in-situ disease, other curatively treated solid tumors, or contralateral breast cancer).
Substance abuse or other medical conditions that increase safety risk or interfere with participation.
Known hypersensitivity to drug substances or inactive ingredients."
4030000000,NCT05538130,3,True,"Age: 55
Sex: Female
Cancer type: Ovarian cancer
Histology: Low-grade serous carcinoma
Current extent: Metastatic (FIGO Stage IIIC). As of September 2025, imaging shows stable peritoneal implants (up to 1.2 cm) and a stable 1.9 cm para-aortic lymph node. Most recent CA-125 was 68 U/mL (plateaued).
Biomarkers: ER strong positive, PR weak positive, p53 wild-type, Ki-67 approx 5%, KRAS p.G12D (VAF 45%), NRAS p.Q61K (VAF 8%), PIK3CA p.E545K (VAF 12%), CCNE1 copy number gain (3-fold), BRAF V600E negative, BRCA1/2 negative, MSI stable, TMB low (3 muts/Mb)
Treatment history:
# 2020-08-22: total abdominal hysterectomy, bilateral salpingo-oophorectomy, infracolic omentectomy, pelvic and para-aortic lymphadenectomy; achieved R0 resection
# Late 2021-January 2022: carboplatin and paclitaxel (4 cycles); best response stable disease
# May 2023-present: letrozole; best response stable disease as of 2025-10-18",ECOG 0-1. Hypertension. Hyperlipidemia. Grade 1 arthralgia.,A PHASE 1A/B OPEN-LABEL MASTER STUDY OF PF-07799544 AS A SINGLE-AGENT AND IN COMBINATION WITH OTHER TARGETED AGENTS IN PARTICIPANTS WITH ADVANCED SOLID TUMORS,"The purpose of this clinical trial is to learn the safety and effects of the study medicine (PF-07799544) administered as a single agent and in combination with other study medications in people with solid tumors. This study is seeking participants who have an advanced solid tumor for which the available treatments are no longer effective in controlling their cancer. All participants in this study will receive PF-07799544. PF-07799544 comes as a tablet to take by mouth daily (initially 2 times per day, but this could change to once daily or another frequency). Depending on the part of the study, participants may also receive another study medicine.

* In the first part of the study, people with melanoma or other solid tumors may also receive encorafenib. Encorafenib comes as a capsule and is taken once per day.
* In the second part of the study, people with melanoma or other cancers with abnormalities in a gene called ""BRAF"" will receive PF-07799544 with other study medicines (for example, PF-07799933).

Participants may receive the study medicines for about 2 years. The study team will monitor how each participant is doing with the study treatment during regular visits at the study clinic.","Inclusion Criteria:

* Diagnosis of advanced/metastatic solid tumor including primary brain tumor for monotherapy phase 1a dose escalation
* Disease progressed during/following last prior treatment and no satisfactory alternative treatment options for monotherapy phase 1a dose escalation
* For Substudy B, histological or cytological diagnosis of advanced/metastatic melanoma
* For Substudy C, unresectable or adv/metastatic solid tumor progressed on, or with demonstrated intolerance to SOC, excluding melanoma,
* For Substudy B and C, measurable disease by RECIST version 1.1
* For Substudy B, evidence of a BRAF V600 mutation or BRAF Class II/III alteration in tumor tissue and/or blood
* For Substudy C, evidence of a BRAF founder alteration (non-V600 Class II/III BRAF alteration)

Exclusion Criteria:

* Brain metastasis larger than 4 cm
* History or current evidence of retinal vein occlusion (RVO) or concurrent neuromuscular disorder associated with elevated creatine kinase (CK)",1,Age range allowed: NA. Sex allowed: Both. Cancer type allowed: Solid tumors. Histology allowed: NA. Cancer burden allowed: Advanced or metastatic (including primary brain tumor). Prior treatment required: Prior treatment followed by disease progression and no satisfactory alternative treatment options. Prior treatment excluded: NA. Biomarkers required: NA. Biomarkers excluded: NA.,"Brain metastasis larger than 4 cm
History or current evidence of retinal vein occlusion (RVO)
Concurrent neuromuscular disorder associated with elevated creatine kinase (CK)"
4716,NCT05785741,1,True,"Age: 34
Sex: Male
Cancer type: Appendix neuroendocrine tumor
Histology: Well-differentiated neuroendocrine tumor, Grade 2
Current extent: Metastatic (two hepatic lesions: segment III measuring 0.6 cm and segment VI measuring 1.0 cm; stable as of 2026-01-17). Most recent Chromogranin A 112 ng/mL (increasing trend).
Biomarkers: Ki-67 8%, Chromogranin A positive, Synaptophysin positive, KRAS G12D mutant, BRAF V600E mutant, CDKN2A homozygous deletion, MYC low-level gain, MEN1 wild-type, DAXX wild-type, ATRX wild-type, SSTR2 positive (Ga-68 DOTATATE SUVmax 12 pre-PRRT, 4 post-PRRT)
Treatment history:
# 2020-03-05: appendectomy; achieved R0 resection
# 2020-11-23 to 2021-06: temozolomide and bevacizumab; achieved partial response
# 2021-12-30 to present: octreotide LAR; achieved stable disease
# 2023-06-02 to 2023-09: lutetium-177 dotatate (PRRT); achieved partial response
# 2025-01-29 to present: everolimus; achieved stable disease as of 2026-01-17",ECOG 0-1. Hypertension (controlled with lisinopril). Hyperlipidemia (managed with atorvastatin). Trace proteinuria (remote history).,"A Phase 1/2a, Multicenter, Open-Label, First in Human Study to Assess the Safety, Tolerability, Pharmacokinetics, and Preliminary Antitumor Activity of DB-1310 in Subjects With Advanced/Metastatic Solid Tumors",This is a dose-escalation and dose-expansion Phase 1/2a trial to evaluate the safety and tolerability of DB-1310 in subjects with advanced solid tumors.,"Inclusion Criteria:

1. Male or female adults (defined as ≥ 18 years of age or acceptable age according to local regulations at the time of voluntarily signing of informed consent).
2. Have relapsed or progressed on or after standard systemic treatments, or intolerable with standard treatment, or for which no standard treatment is available. Documented radiological disease progression during/after most recent treatment regimen for advanced/unresectable, or metastatic disease.
3. At least one measurable lesion as assessed by the investigator according to response evaluation criteria in solid tumors (RECIST) version 1.1 criteria.
4. Has a life expectancy of ≥ 3 months.
5. Has an Eastern Cooperative Oncology Group (ECOG) performance status (PS) of 0-1.
6. Has LVEF ≥ 50% by either echocardiography (ECHO) or multiple-gated acquisition (MUGA) within 28 days before enrollment.
7. Has adequate organ functions within 7 days prior to Day 1 of Cycle 1.
8. Has adequate treatment washout period prior to Day 1 of Cycle 1.
9. Is willing to provide pre-existing resected tumor samples or undergo fresh tumor biopsy for the measurement of HER3 level and other biomarkers if no contraindication. For HER2 IHC 0 breast cancer subjects, it is highly recommended to collect additional tumor sample (Refer to Lab Manual).
10. Is capable of comprehending study procedures and risks outlined in the informed consent and able to provide written consent and agree to comply with the requirements of the study and the schedule of assessments.
11. Male and female subjects of reproductive/childbearing potential must agree to use adequate contraceptive methods (e.g., double barrier or intrauterine contraceptive) during the study and for at least 4 months and 7 months after the last dose of study drug, respectively.

    Females must be using highly effective contraceptive measures during the study and for at least 7 months after the last dosing of study drug, and must have a negative pregnancy test prior to start of dosing if of child-bearing potential, or must have evidence of non-child-bearing potential by fulfilling one of the following criteria at screening:
    * Post-menopausal defined as aged 50 years or more and amenorrhoeic for at least 12 months following cessation of all exogenous hormonal treatments
    * Women under 50 years old would be considered postmenopausal if they have been amenorrhoeic for 12 months or more following cessation of exogenous hormonal treatments and with LH and FSH levels in the post-menopausal range for the institution
    * Documentation of irreversible surgical sterilization by hysterectomy, bilateral oophorectomy or bilateral salpingectomy but not tubal ligation
12. Male subjects must not freeze or donate sperm starting at screening and throughout the study period, and at least 4 months after the final study drug administration.
13. Female subjects must not donate, or retrieve for their own use, ova from the time of screening and throughout the study treatment period, and for at least 7 months after the final study drug administration.

Exclusion Criteria:

1. Prior treatment with HER3 targeted therapy.
2. Prior treatment with antibody drug conjugate with topoisomerase I inhibitor (except trastuzumab deruxtecantopoisomerase I inhibitor HER2 ADC for backfilled subjects in Combo A of Phase 1 and subjects in Cohort 2e of Phase 2a, and not applicable for subjects enrolled for DLT observation in Phase 1).
3. Has a medical history of symptomatic congestive heart failure (CHF) (New York Heart Association \[NYHA\] classes II-IV) or serious cardiac arrhythmia requiring treatment.
4. Has a medical history of myocardial infarction or unstable angina within 6 months before enrollment.
5. Has any clinically important abnormalities in rhythm, conduction or morphology of resting electrocardiogram (ECG), e.g., complete left bundle branch block, third-degree heart block, second-degree heart block, or PR interval \> 250 milliseconds (ms).
6. Has an average of Fredericia's formula-QT corrected interval (QTcF) prolongation to \> 470 millisecond (ms) in males and females based on a 12-lead electrocardiogram (ECG) in triplicate.
7. Unable or unwilling to discontinue concomitant drugs that are known to prolong the QT interval.

   For Combo B of Phase 1 and Cohort 2g, 2k of Phase 2a, patients currently receiving (or unable to stop use prior to receiving the first dose of Osimertinib) medications or herbal supplements known to be strong inducers of CYP3A4 (at least 3-week prior) (refer to Section 6.9.1) are ineligible, and all patients must try to avoid concomitant use of any medications, herbal supplements and/or ingestion of foods with known inducer effects on CYP3A4.
8. Has a history of (non-infectious) ILD/pneumonitis and/or radiation pneumonitis that required steroids, has current ILD/pneumonitis and/or radiation pneumonitis, or where suspected ILD/pneumonitis and/or radiation pneumonitis cannot be ruled out by imaging at screening.
9. Have a lung-specific intercurrent clinically significant illness including, but not limited to, any underlying pulmonary disorder (e.g., pulmonary emboli within 3 months prior to Cycle 1 Day 1, severe asthma, severe chronic obstructive pulmonary disorder, restrictive lung disease, significant pleural effusion etc.), and any autoimmune, connective tissue or inflammatory disorder with pulmonary involvement (e.g., rheumatoid arthritis, Sjogren's syndrome, sarcoidosis etc.), and/or prior pneumonectomy (complete).
10. Has an uncontrolled infection requiring intravenous injection of antibiotics, antivirals, or antifungals.
11. Has clinically significant corneal disease.
12. Know human immunodeficiency virus (HIV) infection.
13. Subjects have active viral (any etiology) hepatitis are excluded. However, subjects with positive hepatitis B surface antigen (HBsAg) who have the HBV DNA (viral load) below the lower limit quantification or HBV DNA titer \< 1000 cps/mL or 100 IU/mL per local testing and are not currently on viral suppressive therapy may be eligible and should be discussed with the Sponsor's Medical Monitor. However, subjects with a history of hepatitis C virus (HCV) infection who have completed curative antiviral treatment and have the HCV RNA below the lower limit of quantification per local testing are eligible for study entry.
14. Is a lactating mother (women who are willing to temporarily interrupt breastfeeding will also be excluded), or pregnant as confirmed by serum pregnancy tests performed within 7 days prior to Cycle 1 Day 1.
15. Has clinically active brain metastases, defined as untreated and symptomatic, or requiring therapy with steroids or anticonvulsants to control associated symptoms. However, subjects with asymptomatic central nervous system (CNS) metastases who are radiologically and neurologically stable for at least 4 weeks following CNS-directed therapy, and who are on stable or decreasing doses of corticosteroids equivalent to ≤10 mg/day prednisone are eligible for study entry.
16. Has unresolved toxicities from previous anticancer therapy, defined as toxicities (other than alopecia) not yet resolved to NCI-CTCAE version 5.0, grade ≤ 1 or baseline. Subjects with chronic Grade 2 toxicities (e.g., Grade 2 neuropathy) may be eligible based on the discussion and agreement between Investigator and Sponsor.
17. Has multiple primary malignancies within 3 years before enrollment, except adequately resected non-melanoma skin cancer (e.g., resected basal or squamous cell skin cancer), curatively treated in-situ disease (e.g., carcinoma in situ of the cervix or breast), other solid tumors curatively treated (e.g., superficial bladder cancer), or contralateral breast cancer.
18. Has substance abuse or any other medical conditions that would increase the safety risk to the subject or interfere with participation or evaluation of the clinical study in the opinion of the investigator.
19. Has known hypersensitivity to either the drug substances or inactive ingredients in the drug product.
20. Patients with other reasons that, in the opinion of the Investigator, make them unsuitable to participate in this study.

NOTE: Other protocol defined Inclusion/Exclusion criteria may apply.",1,Age range allowed: 18 years or older. Sex allowed: Male or Female. Cancer type allowed: Solid tumors. Histology allowed: NA. Cancer burden allowed: Advanced or metastatic. Prior treatment required: Relapsed or progressed on or after standard systemic treatments or intolerable with standard treatment or no standard treatment available. Prior treatment excluded: Prior treatment with HER3 targeted therapy or prior treatment with antibody drug conjugate with topoisomerase I inhibitor. Biomarkers required: NA. Biomarkers excluded: NA.,"Poor performance status (eg ECOG >1).
Left ventricular ejection fraction (LVEF) < 50%.
Inadequate organ functions.
Symptomatic congestive heart failure (New York Heart Association classes II-IV) or serious cardiac arrhythmia requiring treatment.
Myocardial infarction or unstable angina within 6 months before enrollment.
Clinically important abnormalities in rhythm, conduction or morphology of resting electrocardiogram (eg, complete left bundle branch block, third-degree heart block, second-degree heart block, or PR interval > 250 milliseconds).
Average Fredericia's formula-QT corrected interval (QTcF) prolongation > 470 milliseconds.
Unable or unwilling to discontinue concomitant drugs known to prolong the QT interval.
Current use of medications or herbal supplements known to be strong inducers of CYP3A4.
History of (non-infectious) interstitial lung disease (ILD), pneumonitis, and/or radiation pneumonitis that required steroids, current ILD/pneumonitis and/or radiation pneumonitis, or suspected ILD/pneumonitis and/or radiation pneumonitis that cannot be ruled out by imaging.
Lung-specific intercurrent clinically significant illness (eg, pulmonary emboli within 3 months prior to Cycle 1 Day 1, severe asthma, severe chronic obstructive pulmonary disorder, restrictive lung disease, significant pleural effusion, autoimmune, connective tissue or inflammatory disorder with pulmonary involvement, or prior complete pneumonectomy).
Uncontrolled infection requiring intravenous injection of antibiotics, antivirals, or antifungals.
Clinically significant corneal disease.
Known human immunodeficiency virus (HIV) infection.
Active viral hepatitis (excluding HBsAg positive subjects with HBV DNA < 1000 cps/mL or 100 IU/mL and not on viral suppressive therapy, and excluding history of hepatitis C virus infection who completed curative treatment and have HCV RNA below the lower limit of quantification).
Pregnant or lactating.
Clinically active brain metastases (defined as untreated and symptomatic, or requiring therapy with steroids or anticonvulsants to control associated symptoms).
Unresolved toxicities from previous anticancer therapy (grade > 1 per NCI-CTCAE version 5.0, except for alopecia).
Multiple primary malignancies within 3 years before enrollment (except adequately resected non-melanoma skin cancer, curatively treated in-situ disease, other curatively treated solid tumors, or contralateral breast cancer).
Substance abuse or other medical conditions that increase safety risk or interfere with participation.
Known hypersensitivity to drug substances or inactive ingredients."
4716,NCT06234423,2,True,"Age: 34
Sex: Male
Cancer type: Appendix neuroendocrine tumor
Histology: Well-differentiated neuroendocrine tumor, Grade 2
Current extent: Metastatic (two hepatic lesions: segment III measuring 0.6 cm and segment VI measuring 1.0 cm; stable as of 2026-01-17). Most recent Chromogranin A 112 ng/mL (increasing trend).
Biomarkers: Ki-67 8%, Chromogranin A positive, Synaptophysin positive, KRAS G12D mutant, BRAF V600E mutant, CDKN2A homozygous deletion, MYC low-level gain, MEN1 wild-type, DAXX wild-type, ATRX wild-type, SSTR2 positive (Ga-68 DOTATATE SUVmax 12 pre-PRRT, 4 post-PRRT)
Treatment history:
# 2020-03-05: appendectomy; achieved R0 resection
# 2020-11-23 to 2021-06: temozolomide and bevacizumab; achieved partial response
# 2021-12-30 to present: octreotide LAR; achieved stable disease
# 2023-06-02 to 2023-09: lutetium-177 dotatate (PRRT); achieved partial response
# 2025-01-29 to present: everolimus; achieved stable disease as of 2026-01-17",ECOG 0-1. Hypertension (controlled with lisinopril). Hyperlipidemia (managed with atorvastatin). Trace proteinuria (remote history).,"A Phase 1, First-in-Human Study of CUSP06, a Cadherin-6 (CDH6)-Directed Antibody-Drug Conjugate, in Patients With Platinum-Refractory/Resistant Ovarian Cancer and Other Advanced Solid Tumors","This phase 1 study will evaluate the safety, tolerability, pharmacokinetics, and efficacy of CUSP06 in patients with platinum-refractory/resistant ovarian cancer and other advanced solid tumors.","Inclusion Criteria:

* Written informed consent provided prior to any screening procedures.
* Male or female patients, ≥18 years of age at the time of obtaining informed consent.
* Patients with histologically or cytologically confirmed advanced solid tumors previously treated with standard of care systemic therapy, or for whom no standard therapy is available.
* Willingness to provide archival tumor tissue collected within the previous 2 years, when available. If no archival tissue is available that was collected within a 2 year timeframe, willingness to undergo a pretreatment biopsy if medically feasible and safe.

  * For patients on Phase 1b dose expansion, willingness to undergo pre- and on-treatment biopsies if medically feasible and safe.
* Measurable disease per RECIST 1.1.
* Eastern Cooperative Oncology Group (ECOG) performance status of 0 or 1 and life expectancy of ≥12 weeks.
* Adequate organ function as defined by:

  * Absolute neutrophil count (ANC) ≥1.5 x 109/L (1500/µL), without colony-stimulating factor support for the past 14 days.
  * Platelets ≥100.0 x 109/L (100 000/µL).
  * Hemoglobin ≥9.0 g/dL (without blood transfusion in 2-week period prior to screening laboratory tests).
  * Creatinine clearance (CrCl) ≥45 mL/min as calculated by the Cockcroft-Gault method.
  * Serum total bilirubin ≤ 1.5 x the upper limit of normal (ULN).
  * Aspartate aminotransferase (AST) ≤2.5 x ULN; alanine aminotransferase (ALT) ≤ 2.5 x ULN.
  * International normalized ratio (INR) ≤ 1.5; activated partial thromboplastin time (aPTT) ≤ 1.5 x ULN.
  * Left ventricular ejection fraction (LVEF) ≥50% as per echocardiography (ECHO) or multi-gated acquisition scan (MUGA).
  * Q wave to T wave (QT) interval corrected for heart rate (QTc) ≤480 ms (Fridericia's formula).
* Women of child-bearing potential (WCBP), defined as a sexually mature woman who has not undergone surgical sterilization or who has not been naturally postmenopausal for at least 12 consecutive months (i.e., who has had menses any time in the preceding 12 consecutive months) must agree to use 2 effective contraceptive methods; examples include oral, parenteral, or implantable hormonal contraceptive, intra-uterine device, barrier contraceptive with spermicide, partner's latex (or polyisoprene, if latex allergy) condom or vasectomy while on study treatment and for at least 12 weeks after the last dose of the study drug.

  * WCBP must have a negative serum pregnancy test within 72 hours prior to first dose of the study drug.
  * Male patients must agree to use a latex (or polyisoprene, if latex allergy) condom, even if they had a successful vasectomy, while on study treatment and for at least 12 weeks after the last dose of the study drug.
* Patients must be willing and able to sign the informed consent form, and to adhere to the study visit schedule and other protocol requirements.

Exclusion Criteria:

* Prior treatment an ADC with a topoisomerase I (TOP1) payload.
* Active or progressing brain metastases or evidence of leptomeningeal disease. Stable/treated brain metastases are permitted (defined as history of brain metastases previously treated with surgical resection or stereotactic radiosurgery, stable on baseline screening study MRI brain for at least 2 months (compared to comparator MRI brain) and asymptomatic without requirement for steroids or antiseizure medications.
* Persistent toxicities from previous systemic antineoplastic treatments of Grade \>1, excluding alopecia and vitiligo.
* Systemic antineoplastic therapy within 5 half-lives or 4 weeks, whichever is shorter, prior to first dose of the study drug, including investigational agents.
* Wide-field radiotherapy (e.g., \>30% of marrow-bearing bones) within 4 weeks, or focal radiation with palliative intent outside the field of measurable disease within 2 weeks prior to first dose of the study drug.
* Major surgery (not including placement of vascular access device or tumor biopsies) within 4 weeks prior to first dose of study drug, or no recovery from side effects of such intervention.
* Has had clinically significant lung disease requiring systemic corticosteroid treatment within the last 6 months of randomization/registration (e.g., interstitial pneumonia, pneumonitis, pulmonary fibrosis, and severe radiation pneumonitis) or who are suspected to have such diseases by imaging at screening period.
* Patients with acute or chronic pancreatitis and/or any cirrhosis except cirrhosis diagnosed as Child-Pugh class A.
* Hepatic insufficiency manifesting as clinical jaundice, hepatic encephalopathy, and/or variceal bleed within 60 days prior to study entry.
* History of liver transplant.
* Prior allogeneic bone marrow transplantation.
* Significant cardiac disease, such as recent (within 6 months prior to first dose of the study drug) myocardial infarction or acute coronary syndromes (including unstable angina pectoris), congestive heart failure (New York Heart Association class III or IV), uncontrolled hypertension, uncontrolled cardiac arrhythmias, severe aortic stenosis.
* History of thromboembolic or cerebrovascular events, including transient ischemic attacks, cerebrovascular accidents, deep vein thrombosis, or pulmonary emboli within 3 months prior to first dose of the study drug.
* Acute and/or clinically significant bacterial, fungal, or viral infection including hepatitis B (HBV), hepatitis C (HCV), known human immunodeficiency virus (HIV).

  * Note: patients with chronic HBV, HCV or HIV infection will be eligible if they are considered upon a mutual agreement of the Investigator and the Medical Monitor as safe for enrollment and meet one of the following additional conditions:
  * Patients with HIV infection are on an established antiretroviral therapy for at least 4 weeks, and have CD4+ T-cell counts ≥350 cells/µL and HIV viral load \<400 copies/mL,
  * Patients with serologic evidence of chronic HBV infection receive concurrent anti-HBV therapy and have HBV viral load below the limit of quantification,
  * Patients with a history of HCV infection must have completed curative anti-HCV therapy and have HCV viral load below the limit of quantification,
  * Patients on concurrent anti-HCV therapy have HCV viral load below the limit of quantification.
* Known or suspected allergy to the study drug or any component of the study drug.
* Concurrent participation in another investigational clinical trial.
* Pregnant or breast-feeding females.
* Prior history of malignancy other than inclusion diagnosis within 3 years prior to first dose of the study drug.

  * Note: patients with adequately treated basal cell or squamous cell skin cancer, non-invasive superficial bladder cancer, in situ cervical cancer, in situ breast cancer, in situ prostate cancer may be eligible if have shown no evidence of active disease for 2 years prior to first dose of drug.
* Any other severe acute or chronic medical or psychiatric conditions or laboratory abnormality that may increase the risk associated with the study participation or the study drug administration or may interfere with the interpretation of study results and, in the judgment of the Investigator, would make the patient inappropriate for enrollment in this study.",2,Age range allowed: >=18 years. Sex allowed: Male or female. Cancer type allowed: Solid tumor. Histology allowed: NA. Cancer burden allowed: Advanced. Prior treatment required: Standard of care systemic therapy or no standard therapy available. Prior treatment excluded: Antibody-drug conjugate with a topoisomerase I payload. Biomarkers required: NA. Biomarkers excluded: NA.,"Poor performance status (ECOG > 1).
Active or progressing brain metastases or evidence of leptomeningeal disease.
Persistent toxicities from previous systemic antineoplastic treatments of Grade > 1, excluding alopecia and vitiligo.
Clinically significant lung disease requiring systemic corticosteroid treatment (e.g., interstitial pneumonia, pneumonitis, pulmonary fibrosis, and severe radiation pneumonitis) or suspected such diseases by imaging at screening.
Acute or chronic pancreatitis and/or any cirrhosis except Child-Pugh class A.
Hepatic insufficiency manifesting as clinical jaundice, hepatic encephalopathy, and/or variceal bleed.
History of liver transplant.
Prior allogeneic bone marrow transplantation.
Significant cardiac disease (e.g., recent myocardial infarction, acute coronary syndromes, congestive heart failure New York Heart Association class III or IV, uncontrolled hypertension, uncontrolled cardiac arrhythmias, severe aortic stenosis).
History of thromboembolic or cerebrovascular events (e.g., transient ischemic attacks, cerebrovascular accidents, deep vein thrombosis, or pulmonary emboli).
Acute and/or clinically significant bacterial, fungal, or viral infection including hepatitis B, hepatitis C, or human immunodeficiency virus (unless meeting specific stability criteria).
Known or suspected allergy to the study drug or its components.
Concurrent participation in another investigational clinical trial.
Pregnancy or breast-feeding.
Prior history of malignancy other than inclusion diagnosis within 3 years (excluding adequately treated basal cell or squamous cell skin cancer, non-invasive superficial bladder cancer, in situ cervical cancer, in situ breast cancer, or in situ prostate cancer).
Any other severe acute or chronic medical or psychiatric conditions or laboratory abnormality that may increase risk or interfere with results."
4716,NCT05538130,3,True,"Age: 34
Sex: Male
Cancer type: Appendix neuroendocrine tumor
Histology: Well-differentiated neuroendocrine tumor, Grade 2
Current extent: Metastatic (two hepatic lesions: segment III measuring 0.6 cm and segment VI measuring 1.0 cm; stable as of 2026-01-17). Most recent Chromogranin A 112 ng/mL (increasing trend).
Biomarkers: Ki-67 8%, Chromogranin A positive, Synaptophysin positive, KRAS G12D mutant, BRAF V600E mutant, CDKN2A homozygous deletion, MYC low-level gain, MEN1 wild-type, DAXX wild-type, ATRX wild-type, SSTR2 positive (Ga-68 DOTATATE SUVmax 12 pre-PRRT, 4 post-PRRT)
Treatment history:
# 2020-03-05: appendectomy; achieved R0 resection
# 2020-11-23 to 2021-06: temozolomide and bevacizumab; achieved partial response
# 2021-12-30 to present: octreotide LAR; achieved stable disease
# 2023-06-02 to 2023-09: lutetium-177 dotatate (PRRT); achieved partial response
# 2025-01-29 to present: everolimus; achieved stable disease as of 2026-01-17",ECOG 0-1. Hypertension (controlled with lisinopril). Hyperlipidemia (managed with atorvastatin). Trace proteinuria (remote history).,A PHASE 1A/B OPEN-LABEL MASTER STUDY OF PF-07799544 AS A SINGLE-AGENT AND IN COMBINATION WITH OTHER TARGETED AGENTS IN PARTICIPANTS WITH ADVANCED SOLID TUMORS,"The purpose of this clinical trial is to learn the safety and effects of the study medicine (PF-07799544) administered as a single agent and in combination with other study medications in people with solid tumors. This study is seeking participants who have an advanced solid tumor for which the available treatments are no longer effective in controlling their cancer. All participants in this study will receive PF-07799544. PF-07799544 comes as a tablet to take by mouth daily (initially 2 times per day, but this could change to once daily or another frequency). Depending on the part of the study, participants may also receive another study medicine.

* In the first part of the study, people with melanoma or other solid tumors may also receive encorafenib. Encorafenib comes as a capsule and is taken once per day.
* In the second part of the study, people with melanoma or other cancers with abnormalities in a gene called ""BRAF"" will receive PF-07799544 with other study medicines (for example, PF-07799933).

Participants may receive the study medicines for about 2 years. The study team will monitor how each participant is doing with the study treatment during regular visits at the study clinic.","Inclusion Criteria:

* Diagnosis of advanced/metastatic solid tumor including primary brain tumor for monotherapy phase 1a dose escalation
* Disease progressed during/following last prior treatment and no satisfactory alternative treatment options for monotherapy phase 1a dose escalation
* For Substudy B, histological or cytological diagnosis of advanced/metastatic melanoma
* For Substudy C, unresectable or adv/metastatic solid tumor progressed on, or with demonstrated intolerance to SOC, excluding melanoma,
* For Substudy B and C, measurable disease by RECIST version 1.1
* For Substudy B, evidence of a BRAF V600 mutation or BRAF Class II/III alteration in tumor tissue and/or blood
* For Substudy C, evidence of a BRAF founder alteration (non-V600 Class II/III BRAF alteration)

Exclusion Criteria:

* Brain metastasis larger than 4 cm
* History or current evidence of retinal vein occlusion (RVO) or concurrent neuromuscular disorder associated with elevated creatine kinase (CK)",1,Age range allowed: NA. Sex allowed: Both. Cancer type allowed: Solid tumors. Histology allowed: NA. Cancer burden allowed: Advanced or metastatic (including primary brain tumor). Prior treatment required: Prior treatment followed by disease progression and no satisfactory alternative treatment options. Prior treatment excluded: NA. Biomarkers required: NA. Biomarkers excluded: NA.,"Brain metastasis larger than 4 cm
History or current evidence of retinal vein occlusion (RVO)
Concurrent neuromuscular disorder associated with elevated creatine kinase (CK)"
4837000000,NCT05538130,1,True,"Age: 70
Sex: Male
Cancer type: Cutaneous melanoma
Histology: Superficial spreading melanoma with focal epithelioid cells
Current extent: Metastatic. Evidence of pulmonary metastases (stable partial response) and multifocal hepatic metastases (largest 3.7 cm as of 2026-04-10). Most recent LDH 310 U/L (elevated) as of 2026-05-08.
Biomarkers: BRAF V600E, TERT promoter -124C>T, CDKN2A homozygous deletion, TP53 R175H, NF1 Q1589*, PD-L1 TPS 15%, S100 positive, SOX10 positive, Melan-A positive, HMB-45 positive, Ki-67 35%, MSI-stable, TMB 14 mut/Mb, KRAS G12R (subclonal), PIK3CA H1047R (subclonal), STK11 p.Phe97Leufs*13 (subclonal)
Treatment history:
# 2021-02-24: Excisional biopsy of left upper extremity
# 2023-06: Wide local excision of left upper extremity and sentinel lymph node biopsy of left axilla
# 2023-09-15 to 2024-09: pembrolizumab; completed 12 months of adjuvant therapy
# 2024-11-27 to 2025-10: ipilimumab and nivolumab; achieved partial response in pulmonary metastases; ipilimumab discontinued due to Grade 3 colitis
# 2025-10 to 2026-05: nivolumab; maintenance therapy, progressed with new hepatic metastases","ECOG 1-2. Hypertension, hyperlipidemia, former smoker (15 pack-years). History of appendectomy (age 22) and right inguinal hernia repair (age 48). Checkpoint-induced hypothyroidism (on levothyroxine), prediabetes (on metformin). History of Grade 3 immune-mediated colitis (resolved). Grade 2 fatigue. Mild transaminitis.",A PHASE 1A/B OPEN-LABEL MASTER STUDY OF PF-07799544 AS A SINGLE-AGENT AND IN COMBINATION WITH OTHER TARGETED AGENTS IN PARTICIPANTS WITH ADVANCED SOLID TUMORS,"The purpose of this clinical trial is to learn the safety and effects of the study medicine (PF-07799544) administered as a single agent and in combination with other study medications in people with solid tumors. This study is seeking participants who have an advanced solid tumor for which the available treatments are no longer effective in controlling their cancer. All participants in this study will receive PF-07799544. PF-07799544 comes as a tablet to take by mouth daily (initially 2 times per day, but this could change to once daily or another frequency). Depending on the part of the study, participants may also receive another study medicine.

* In the first part of the study, people with melanoma or other solid tumors may also receive encorafenib. Encorafenib comes as a capsule and is taken once per day.
* In the second part of the study, people with melanoma or other cancers with abnormalities in a gene called ""BRAF"" will receive PF-07799544 with other study medicines (for example, PF-07799933).

Participants may receive the study medicines for about 2 years. The study team will monitor how each participant is doing with the study treatment during regular visits at the study clinic.","Inclusion Criteria:

* Diagnosis of advanced/metastatic solid tumor including primary brain tumor for monotherapy phase 1a dose escalation
* Disease progressed during/following last prior treatment and no satisfactory alternative treatment options for monotherapy phase 1a dose escalation
* For Substudy B, histological or cytological diagnosis of advanced/metastatic melanoma
* For Substudy C, unresectable or adv/metastatic solid tumor progressed on, or with demonstrated intolerance to SOC, excluding melanoma,
* For Substudy B and C, measurable disease by RECIST version 1.1
* For Substudy B, evidence of a BRAF V600 mutation or BRAF Class II/III alteration in tumor tissue and/or blood
* For Substudy C, evidence of a BRAF founder alteration (non-V600 Class II/III BRAF alteration)

Exclusion Criteria:

* Brain metastasis larger than 4 cm
* History or current evidence of retinal vein occlusion (RVO) or concurrent neuromuscular disorder associated with elevated creatine kinase (CK)",2,Age range allowed: NA. Sex allowed: Both. Cancer type allowed: Melanoma. Histology allowed: NA. Cancer burden allowed: Advanced or metastatic. Prior treatment required: NA. Prior treatment excluded: NA. Biomarkers required: BRAF V600 mutation or BRAF Class II/III alteration. Biomarkers excluded: NA.,"Brain metastasis larger than 4 cm
History or current evidence of retinal vein occlusion (RVO)
Concurrent neuromuscular disorder associated with elevated creatine kinase (CK)"
4837000000,NCT05785741,2,True,"Age: 70
Sex: Male
Cancer type: Cutaneous melanoma
Histology: Superficial spreading melanoma with focal epithelioid cells
Current extent: Metastatic. Evidence of pulmonary metastases (stable partial response) and multifocal hepatic metastases (largest 3.7 cm as of 2026-04-10). Most recent LDH 310 U/L (elevated) as of 2026-05-08.
Biomarkers: BRAF V600E, TERT promoter -124C>T, CDKN2A homozygous deletion, TP53 R175H, NF1 Q1589*, PD-L1 TPS 15%, S100 positive, SOX10 positive, Melan-A positive, HMB-45 positive, Ki-67 35%, MSI-stable, TMB 14 mut/Mb, KRAS G12R (subclonal), PIK3CA H1047R (subclonal), STK11 p.Phe97Leufs*13 (subclonal)
Treatment history:
# 2021-02-24: Excisional biopsy of left upper extremity
# 2023-06: Wide local excision of left upper extremity and sentinel lymph node biopsy of left axilla
# 2023-09-15 to 2024-09: pembrolizumab; completed 12 months of adjuvant therapy
# 2024-11-27 to 2025-10: ipilimumab and nivolumab; achieved partial response in pulmonary metastases; ipilimumab discontinued due to Grade 3 colitis
# 2025-10 to 2026-05: nivolumab; maintenance therapy, progressed with new hepatic metastases","ECOG 1-2. Hypertension, hyperlipidemia, former smoker (15 pack-years). History of appendectomy (age 22) and right inguinal hernia repair (age 48). Checkpoint-induced hypothyroidism (on levothyroxine), prediabetes (on metformin). History of Grade 3 immune-mediated colitis (resolved). Grade 2 fatigue. Mild transaminitis.","A Phase 1/2a, Multicenter, Open-Label, First in Human Study to Assess the Safety, Tolerability, Pharmacokinetics, and Preliminary Antitumor Activity of DB-1310 in Subjects With Advanced/Metastatic Solid Tumors",This is a dose-escalation and dose-expansion Phase 1/2a trial to evaluate the safety and tolerability of DB-1310 in subjects with advanced solid tumors.,"Inclusion Criteria:

1. Male or female adults (defined as ≥ 18 years of age or acceptable age according to local regulations at the time of voluntarily signing of informed consent).
2. Have relapsed or progressed on or after standard systemic treatments, or intolerable with standard treatment, or for which no standard treatment is available. Documented radiological disease progression during/after most recent treatment regimen for advanced/unresectable, or metastatic disease.
3. At least one measurable lesion as assessed by the investigator according to response evaluation criteria in solid tumors (RECIST) version 1.1 criteria.
4. Has a life expectancy of ≥ 3 months.
5. Has an Eastern Cooperative Oncology Group (ECOG) performance status (PS) of 0-1.
6. Has LVEF ≥ 50% by either echocardiography (ECHO) or multiple-gated acquisition (MUGA) within 28 days before enrollment.
7. Has adequate organ functions within 7 days prior to Day 1 of Cycle 1.
8. Has adequate treatment washout period prior to Day 1 of Cycle 1.
9. Is willing to provide pre-existing resected tumor samples or undergo fresh tumor biopsy for the measurement of HER3 level and other biomarkers if no contraindication. For HER2 IHC 0 breast cancer subjects, it is highly recommended to collect additional tumor sample (Refer to Lab Manual).
10. Is capable of comprehending study procedures and risks outlined in the informed consent and able to provide written consent and agree to comply with the requirements of the study and the schedule of assessments.
11. Male and female subjects of reproductive/childbearing potential must agree to use adequate contraceptive methods (e.g., double barrier or intrauterine contraceptive) during the study and for at least 4 months and 7 months after the last dose of study drug, respectively.

    Females must be using highly effective contraceptive measures during the study and for at least 7 months after the last dosing of study drug, and must have a negative pregnancy test prior to start of dosing if of child-bearing potential, or must have evidence of non-child-bearing potential by fulfilling one of the following criteria at screening:
    * Post-menopausal defined as aged 50 years or more and amenorrhoeic for at least 12 months following cessation of all exogenous hormonal treatments
    * Women under 50 years old would be considered postmenopausal if they have been amenorrhoeic for 12 months or more following cessation of exogenous hormonal treatments and with LH and FSH levels in the post-menopausal range for the institution
    * Documentation of irreversible surgical sterilization by hysterectomy, bilateral oophorectomy or bilateral salpingectomy but not tubal ligation
12. Male subjects must not freeze or donate sperm starting at screening and throughout the study period, and at least 4 months after the final study drug administration.
13. Female subjects must not donate, or retrieve for their own use, ova from the time of screening and throughout the study treatment period, and for at least 7 months after the final study drug administration.

Exclusion Criteria:

1. Prior treatment with HER3 targeted therapy.
2. Prior treatment with antibody drug conjugate with topoisomerase I inhibitor (except trastuzumab deruxtecantopoisomerase I inhibitor HER2 ADC for backfilled subjects in Combo A of Phase 1 and subjects in Cohort 2e of Phase 2a, and not applicable for subjects enrolled for DLT observation in Phase 1).
3. Has a medical history of symptomatic congestive heart failure (CHF) (New York Heart Association \[NYHA\] classes II-IV) or serious cardiac arrhythmia requiring treatment.
4. Has a medical history of myocardial infarction or unstable angina within 6 months before enrollment.
5. Has any clinically important abnormalities in rhythm, conduction or morphology of resting electrocardiogram (ECG), e.g., complete left bundle branch block, third-degree heart block, second-degree heart block, or PR interval \> 250 milliseconds (ms).
6. Has an average of Fredericia's formula-QT corrected interval (QTcF) prolongation to \> 470 millisecond (ms) in males and females based on a 12-lead electrocardiogram (ECG) in triplicate.
7. Unable or unwilling to discontinue concomitant drugs that are known to prolong the QT interval.

   For Combo B of Phase 1 and Cohort 2g, 2k of Phase 2a, patients currently receiving (or unable to stop use prior to receiving the first dose of Osimertinib) medications or herbal supplements known to be strong inducers of CYP3A4 (at least 3-week prior) (refer to Section 6.9.1) are ineligible, and all patients must try to avoid concomitant use of any medications, herbal supplements and/or ingestion of foods with known inducer effects on CYP3A4.
8. Has a history of (non-infectious) ILD/pneumonitis and/or radiation pneumonitis that required steroids, has current ILD/pneumonitis and/or radiation pneumonitis, or where suspected ILD/pneumonitis and/or radiation pneumonitis cannot be ruled out by imaging at screening.
9. Have a lung-specific intercurrent clinically significant illness including, but not limited to, any underlying pulmonary disorder (e.g., pulmonary emboli within 3 months prior to Cycle 1 Day 1, severe asthma, severe chronic obstructive pulmonary disorder, restrictive lung disease, significant pleural effusion etc.), and any autoimmune, connective tissue or inflammatory disorder with pulmonary involvement (e.g., rheumatoid arthritis, Sjogren's syndrome, sarcoidosis etc.), and/or prior pneumonectomy (complete).
10. Has an uncontrolled infection requiring intravenous injection of antibiotics, antivirals, or antifungals.
11. Has clinically significant corneal disease.
12. Know human immunodeficiency virus (HIV) infection.
13. Subjects have active viral (any etiology) hepatitis are excluded. However, subjects with positive hepatitis B surface antigen (HBsAg) who have the HBV DNA (viral load) below the lower limit quantification or HBV DNA titer \< 1000 cps/mL or 100 IU/mL per local testing and are not currently on viral suppressive therapy may be eligible and should be discussed with the Sponsor's Medical Monitor. However, subjects with a history of hepatitis C virus (HCV) infection who have completed curative antiviral treatment and have the HCV RNA below the lower limit of quantification per local testing are eligible for study entry.
14. Is a lactating mother (women who are willing to temporarily interrupt breastfeeding will also be excluded), or pregnant as confirmed by serum pregnancy tests performed within 7 days prior to Cycle 1 Day 1.
15. Has clinically active brain metastases, defined as untreated and symptomatic, or requiring therapy with steroids or anticonvulsants to control associated symptoms. However, subjects with asymptomatic central nervous system (CNS) metastases who are radiologically and neurologically stable for at least 4 weeks following CNS-directed therapy, and who are on stable or decreasing doses of corticosteroids equivalent to ≤10 mg/day prednisone are eligible for study entry.
16. Has unresolved toxicities from previous anticancer therapy, defined as toxicities (other than alopecia) not yet resolved to NCI-CTCAE version 5.0, grade ≤ 1 or baseline. Subjects with chronic Grade 2 toxicities (e.g., Grade 2 neuropathy) may be eligible based on the discussion and agreement between Investigator and Sponsor.
17. Has multiple primary malignancies within 3 years before enrollment, except adequately resected non-melanoma skin cancer (e.g., resected basal or squamous cell skin cancer), curatively treated in-situ disease (e.g., carcinoma in situ of the cervix or breast), other solid tumors curatively treated (e.g., superficial bladder cancer), or contralateral breast cancer.
18. Has substance abuse or any other medical conditions that would increase the safety risk to the subject or interfere with participation or evaluation of the clinical study in the opinion of the investigator.
19. Has known hypersensitivity to either the drug substances or inactive ingredients in the drug product.
20. Patients with other reasons that, in the opinion of the Investigator, make them unsuitable to participate in this study.

NOTE: Other protocol defined Inclusion/Exclusion criteria may apply.",1,Age range allowed: 18 years or older. Sex allowed: Male or Female. Cancer type allowed: Solid tumors. Histology allowed: NA. Cancer burden allowed: Advanced or metastatic. Prior treatment required: Relapsed or progressed on or after standard systemic treatments or intolerable with standard treatment or no standard treatment available. Prior treatment excluded: Prior treatment with HER3 targeted therapy or prior treatment with antibody drug conjugate with topoisomerase I inhibitor. Biomarkers required: NA. Biomarkers excluded: NA.,"Poor performance status (eg ECOG >1).
Left ventricular ejection fraction (LVEF) < 50%.
Inadequate organ functions.
Symptomatic congestive heart failure (New York Heart Association classes II-IV) or serious cardiac arrhythmia requiring treatment.
Myocardial infarction or unstable angina within 6 months before enrollment.
Clinically important abnormalities in rhythm, conduction or morphology of resting electrocardiogram (eg, complete left bundle branch block, third-degree heart block, second-degree heart block, or PR interval > 250 milliseconds).
Average Fredericia's formula-QT corrected interval (QTcF) prolongation > 470 milliseconds.
Unable or unwilling to discontinue concomitant drugs known to prolong the QT interval.
Current use of medications or herbal supplements known to be strong inducers of CYP3A4.
History of (non-infectious) interstitial lung disease (ILD), pneumonitis, and/or radiation pneumonitis that required steroids, current ILD/pneumonitis and/or radiation pneumonitis, or suspected ILD/pneumonitis and/or radiation pneumonitis that cannot be ruled out by imaging.
Lung-specific intercurrent clinically significant illness (eg, pulmonary emboli within 3 months prior to Cycle 1 Day 1, severe asthma, severe chronic obstructive pulmonary disorder, restrictive lung disease, significant pleural effusion, autoimmune, connective tissue or inflammatory disorder with pulmonary involvement, or prior complete pneumonectomy).
Uncontrolled infection requiring intravenous injection of antibiotics, antivirals, or antifungals.
Clinically significant corneal disease.
Known human immunodeficiency virus (HIV) infection.
Active viral hepatitis (excluding HBsAg positive subjects with HBV DNA < 1000 cps/mL or 100 IU/mL and not on viral suppressive therapy, and excluding history of hepatitis C virus infection who completed curative treatment and have HCV RNA below the lower limit of quantification).
Pregnant or lactating.
Clinically active brain metastases (defined as untreated and symptomatic, or requiring therapy with steroids or anticonvulsants to control associated symptoms).
Unresolved toxicities from previous anticancer therapy (grade > 1 per NCI-CTCAE version 5.0, except for alopecia).
Multiple primary malignancies within 3 years before enrollment (except adequately resected non-melanoma skin cancer, curatively treated in-situ disease, other curatively treated solid tumors, or contralateral breast cancer).
Substance abuse or other medical conditions that increase safety risk or interfere with participation.
Known hypersensitivity to drug substances or inactive ingredients."
4837000000,NCT06234423,3,True,"Age: 70
Sex: Male
Cancer type: Cutaneous melanoma
Histology: Superficial spreading melanoma with focal epithelioid cells
Current extent: Metastatic. Evidence of pulmonary metastases (stable partial response) and multifocal hepatic metastases (largest 3.7 cm as of 2026-04-10). Most recent LDH 310 U/L (elevated) as of 2026-05-08.
Biomarkers: BRAF V600E, TERT promoter -124C>T, CDKN2A homozygous deletion, TP53 R175H, NF1 Q1589*, PD-L1 TPS 15%, S100 positive, SOX10 positive, Melan-A positive, HMB-45 positive, Ki-67 35%, MSI-stable, TMB 14 mut/Mb, KRAS G12R (subclonal), PIK3CA H1047R (subclonal), STK11 p.Phe97Leufs*13 (subclonal)
Treatment history:
# 2021-02-24: Excisional biopsy of left upper extremity
# 2023-06: Wide local excision of left upper extremity and sentinel lymph node biopsy of left axilla
# 2023-09-15 to 2024-09: pembrolizumab; completed 12 months of adjuvant therapy
# 2024-11-27 to 2025-10: ipilimumab and nivolumab; achieved partial response in pulmonary metastases; ipilimumab discontinued due to Grade 3 colitis
# 2025-10 to 2026-05: nivolumab; maintenance therapy, progressed with new hepatic metastases","ECOG 1-2. Hypertension, hyperlipidemia, former smoker (15 pack-years). History of appendectomy (age 22) and right inguinal hernia repair (age 48). Checkpoint-induced hypothyroidism (on levothyroxine), prediabetes (on metformin). History of Grade 3 immune-mediated colitis (resolved). Grade 2 fatigue. Mild transaminitis.","A Phase 1, First-in-Human Study of CUSP06, a Cadherin-6 (CDH6)-Directed Antibody-Drug Conjugate, in Patients With Platinum-Refractory/Resistant Ovarian Cancer and Other Advanced Solid Tumors","This phase 1 study will evaluate the safety, tolerability, pharmacokinetics, and efficacy of CUSP06 in patients with platinum-refractory/resistant ovarian cancer and other advanced solid tumors.","Inclusion Criteria:

* Written informed consent provided prior to any screening procedures.
* Male or female patients, ≥18 years of age at the time of obtaining informed consent.
* Patients with histologically or cytologically confirmed advanced solid tumors previously treated with standard of care systemic therapy, or for whom no standard therapy is available.
* Willingness to provide archival tumor tissue collected within the previous 2 years, when available. If no archival tissue is available that was collected within a 2 year timeframe, willingness to undergo a pretreatment biopsy if medically feasible and safe.

  * For patients on Phase 1b dose expansion, willingness to undergo pre- and on-treatment biopsies if medically feasible and safe.
* Measurable disease per RECIST 1.1.
* Eastern Cooperative Oncology Group (ECOG) performance status of 0 or 1 and life expectancy of ≥12 weeks.
* Adequate organ function as defined by:

  * Absolute neutrophil count (ANC) ≥1.5 x 109/L (1500/µL), without colony-stimulating factor support for the past 14 days.
  * Platelets ≥100.0 x 109/L (100 000/µL).
  * Hemoglobin ≥9.0 g/dL (without blood transfusion in 2-week period prior to screening laboratory tests).
  * Creatinine clearance (CrCl) ≥45 mL/min as calculated by the Cockcroft-Gault method.
  * Serum total bilirubin ≤ 1.5 x the upper limit of normal (ULN).
  * Aspartate aminotransferase (AST) ≤2.5 x ULN; alanine aminotransferase (ALT) ≤ 2.5 x ULN.
  * International normalized ratio (INR) ≤ 1.5; activated partial thromboplastin time (aPTT) ≤ 1.5 x ULN.
  * Left ventricular ejection fraction (LVEF) ≥50% as per echocardiography (ECHO) or multi-gated acquisition scan (MUGA).
  * Q wave to T wave (QT) interval corrected for heart rate (QTc) ≤480 ms (Fridericia's formula).
* Women of child-bearing potential (WCBP), defined as a sexually mature woman who has not undergone surgical sterilization or who has not been naturally postmenopausal for at least 12 consecutive months (i.e., who has had menses any time in the preceding 12 consecutive months) must agree to use 2 effective contraceptive methods; examples include oral, parenteral, or implantable hormonal contraceptive, intra-uterine device, barrier contraceptive with spermicide, partner's latex (or polyisoprene, if latex allergy) condom or vasectomy while on study treatment and for at least 12 weeks after the last dose of the study drug.

  * WCBP must have a negative serum pregnancy test within 72 hours prior to first dose of the study drug.
  * Male patients must agree to use a latex (or polyisoprene, if latex allergy) condom, even if they had a successful vasectomy, while on study treatment and for at least 12 weeks after the last dose of the study drug.
* Patients must be willing and able to sign the informed consent form, and to adhere to the study visit schedule and other protocol requirements.

Exclusion Criteria:

* Prior treatment an ADC with a topoisomerase I (TOP1) payload.
* Active or progressing brain metastases or evidence of leptomeningeal disease. Stable/treated brain metastases are permitted (defined as history of brain metastases previously treated with surgical resection or stereotactic radiosurgery, stable on baseline screening study MRI brain for at least 2 months (compared to comparator MRI brain) and asymptomatic without requirement for steroids or antiseizure medications.
* Persistent toxicities from previous systemic antineoplastic treatments of Grade \>1, excluding alopecia and vitiligo.
* Systemic antineoplastic therapy within 5 half-lives or 4 weeks, whichever is shorter, prior to first dose of the study drug, including investigational agents.
* Wide-field radiotherapy (e.g., \>30% of marrow-bearing bones) within 4 weeks, or focal radiation with palliative intent outside the field of measurable disease within 2 weeks prior to first dose of the study drug.
* Major surgery (not including placement of vascular access device or tumor biopsies) within 4 weeks prior to first dose of study drug, or no recovery from side effects of such intervention.
* Has had clinically significant lung disease requiring systemic corticosteroid treatment within the last 6 months of randomization/registration (e.g., interstitial pneumonia, pneumonitis, pulmonary fibrosis, and severe radiation pneumonitis) or who are suspected to have such diseases by imaging at screening period.
* Patients with acute or chronic pancreatitis and/or any cirrhosis except cirrhosis diagnosed as Child-Pugh class A.
* Hepatic insufficiency manifesting as clinical jaundice, hepatic encephalopathy, and/or variceal bleed within 60 days prior to study entry.
* History of liver transplant.
* Prior allogeneic bone marrow transplantation.
* Significant cardiac disease, such as recent (within 6 months prior to first dose of the study drug) myocardial infarction or acute coronary syndromes (including unstable angina pectoris), congestive heart failure (New York Heart Association class III or IV), uncontrolled hypertension, uncontrolled cardiac arrhythmias, severe aortic stenosis.
* History of thromboembolic or cerebrovascular events, including transient ischemic attacks, cerebrovascular accidents, deep vein thrombosis, or pulmonary emboli within 3 months prior to first dose of the study drug.
* Acute and/or clinically significant bacterial, fungal, or viral infection including hepatitis B (HBV), hepatitis C (HCV), known human immunodeficiency virus (HIV).

  * Note: patients with chronic HBV, HCV or HIV infection will be eligible if they are considered upon a mutual agreement of the Investigator and the Medical Monitor as safe for enrollment and meet one of the following additional conditions:
  * Patients with HIV infection are on an established antiretroviral therapy for at least 4 weeks, and have CD4+ T-cell counts ≥350 cells/µL and HIV viral load \<400 copies/mL,
  * Patients with serologic evidence of chronic HBV infection receive concurrent anti-HBV therapy and have HBV viral load below the limit of quantification,
  * Patients with a history of HCV infection must have completed curative anti-HCV therapy and have HCV viral load below the limit of quantification,
  * Patients on concurrent anti-HCV therapy have HCV viral load below the limit of quantification.
* Known or suspected allergy to the study drug or any component of the study drug.
* Concurrent participation in another investigational clinical trial.
* Pregnant or breast-feeding females.
* Prior history of malignancy other than inclusion diagnosis within 3 years prior to first dose of the study drug.

  * Note: patients with adequately treated basal cell or squamous cell skin cancer, non-invasive superficial bladder cancer, in situ cervical cancer, in situ breast cancer, in situ prostate cancer may be eligible if have shown no evidence of active disease for 2 years prior to first dose of drug.
* Any other severe acute or chronic medical or psychiatric conditions or laboratory abnormality that may increase the risk associated with the study participation or the study drug administration or may interfere with the interpretation of study results and, in the judgment of the Investigator, would make the patient inappropriate for enrollment in this study.",2,Age range allowed: >=18 years. Sex allowed: Male or female. Cancer type allowed: Solid tumor. Histology allowed: NA. Cancer burden allowed: Advanced. Prior treatment required: Standard of care systemic therapy or no standard therapy available. Prior treatment excluded: Antibody-drug conjugate with a topoisomerase I payload. Biomarkers required: NA. Biomarkers excluded: NA.,"Poor performance status (ECOG > 1).
Active or progressing brain metastases or evidence of leptomeningeal disease.
Persistent toxicities from previous systemic antineoplastic treatments of Grade > 1, excluding alopecia and vitiligo.
Clinically significant lung disease requiring systemic corticosteroid treatment (e.g., interstitial pneumonia, pneumonitis, pulmonary fibrosis, and severe radiation pneumonitis) or suspected such diseases by imaging at screening.
Acute or chronic pancreatitis and/or any cirrhosis except Child-Pugh class A.
Hepatic insufficiency manifesting as clinical jaundice, hepatic encephalopathy, and/or variceal bleed.
History of liver transplant.
Prior allogeneic bone marrow transplantation.
Significant cardiac disease (e.g., recent myocardial infarction, acute coronary syndromes, congestive heart failure New York Heart Association class III or IV, uncontrolled hypertension, uncontrolled cardiac arrhythmias, severe aortic stenosis).
History of thromboembolic or cerebrovascular events (e.g., transient ischemic attacks, cerebrovascular accidents, deep vein thrombosis, or pulmonary emboli).
Acute and/or clinically significant bacterial, fungal, or viral infection including hepatitis B, hepatitis C, or human immunodeficiency virus (unless meeting specific stability criteria).
Known or suspected allergy to the study drug or its components.
Concurrent participation in another investigational clinical trial.
Pregnancy or breast-feeding.
Prior history of malignancy other than inclusion diagnosis within 3 years (excluding adequately treated basal cell or squamous cell skin cancer, non-invasive superficial bladder cancer, in situ cervical cancer, in situ breast cancer, or in situ prostate cancer).
Any other severe acute or chronic medical or psychiatric conditions or laboratory abnormality that may increase risk or interfere with results."
6346,NCT05785741,1,True,"Age: 66
Sex: Male
Cancer type: Breast cancer
Histology: Invasive lobular carcinoma
Current extent: Metastatic (right breast, right axillary lymph node, thoracic spine, lumbar spine, sacrum, and liver). Most recent tumor markers: CA 27-29 38 U/mL (decreasing), CEA 3.1 ng/mL (stable).
Biomarkers: ER positive (strong), PR negative, HER2-low (IHC 1+, FISH non-amplified), Ki-67 22-30%, E-cadherin loss, CDH1 p.Glu736Lys, PIK3CA p.Glu545Lys, TP53 p.Tyr220Cys, ESR1 p.Asp538Gly, FGFR2 p.Asn549Lys, CCND1 amplification, CDK12 loss, PALB2 frameshift (VUS), MSI-stable, TMB 3 mut/Mb
Treatment history:
# 12/2020-07/2021: tamoxifen; best response stable disease
# 07/2021-12/2021: paclitaxel; best response partial response
# 12/2021-11/2023: letrozole; best response stable disease
# 11/2023-present: capecitabine; best response partial response
# 11/2022-present: zoledronic acid every 12 weeks",ECOG 1. Hypertension. Hyperlipidemia. Grade 1 peripheral sensory neuropathy.,"A Phase 1/2a, Multicenter, Open-Label, First in Human Study to Assess the Safety, Tolerability, Pharmacokinetics, and Preliminary Antitumor Activity of DB-1310 in Subjects With Advanced/Metastatic Solid Tumors",This is a dose-escalation and dose-expansion Phase 1/2a trial to evaluate the safety and tolerability of DB-1310 in subjects with advanced solid tumors.,"Inclusion Criteria:

1. Male or female adults (defined as ≥ 18 years of age or acceptable age according to local regulations at the time of voluntarily signing of informed consent).
2. Have relapsed or progressed on or after standard systemic treatments, or intolerable with standard treatment, or for which no standard treatment is available. Documented radiological disease progression during/after most recent treatment regimen for advanced/unresectable, or metastatic disease.
3. At least one measurable lesion as assessed by the investigator according to response evaluation criteria in solid tumors (RECIST) version 1.1 criteria.
4. Has a life expectancy of ≥ 3 months.
5. Has an Eastern Cooperative Oncology Group (ECOG) performance status (PS) of 0-1.
6. Has LVEF ≥ 50% by either echocardiography (ECHO) or multiple-gated acquisition (MUGA) within 28 days before enrollment.
7. Has adequate organ functions within 7 days prior to Day 1 of Cycle 1.
8. Has adequate treatment washout period prior to Day 1 of Cycle 1.
9. Is willing to provide pre-existing resected tumor samples or undergo fresh tumor biopsy for the measurement of HER3 level and other biomarkers if no contraindication. For HER2 IHC 0 breast cancer subjects, it is highly recommended to collect additional tumor sample (Refer to Lab Manual).
10. Is capable of comprehending study procedures and risks outlined in the informed consent and able to provide written consent and agree to comply with the requirements of the study and the schedule of assessments.
11. Male and female subjects of reproductive/childbearing potential must agree to use adequate contraceptive methods (e.g., double barrier or intrauterine contraceptive) during the study and for at least 4 months and 7 months after the last dose of study drug, respectively.

    Females must be using highly effective contraceptive measures during the study and for at least 7 months after the last dosing of study drug, and must have a negative pregnancy test prior to start of dosing if of child-bearing potential, or must have evidence of non-child-bearing potential by fulfilling one of the following criteria at screening:
    * Post-menopausal defined as aged 50 years or more and amenorrhoeic for at least 12 months following cessation of all exogenous hormonal treatments
    * Women under 50 years old would be considered postmenopausal if they have been amenorrhoeic for 12 months or more following cessation of exogenous hormonal treatments and with LH and FSH levels in the post-menopausal range for the institution
    * Documentation of irreversible surgical sterilization by hysterectomy, bilateral oophorectomy or bilateral salpingectomy but not tubal ligation
12. Male subjects must not freeze or donate sperm starting at screening and throughout the study period, and at least 4 months after the final study drug administration.
13. Female subjects must not donate, or retrieve for their own use, ova from the time of screening and throughout the study treatment period, and for at least 7 months after the final study drug administration.

Exclusion Criteria:

1. Prior treatment with HER3 targeted therapy.
2. Prior treatment with antibody drug conjugate with topoisomerase I inhibitor (except trastuzumab deruxtecantopoisomerase I inhibitor HER2 ADC for backfilled subjects in Combo A of Phase 1 and subjects in Cohort 2e of Phase 2a, and not applicable for subjects enrolled for DLT observation in Phase 1).
3. Has a medical history of symptomatic congestive heart failure (CHF) (New York Heart Association \[NYHA\] classes II-IV) or serious cardiac arrhythmia requiring treatment.
4. Has a medical history of myocardial infarction or unstable angina within 6 months before enrollment.
5. Has any clinically important abnormalities in rhythm, conduction or morphology of resting electrocardiogram (ECG), e.g., complete left bundle branch block, third-degree heart block, second-degree heart block, or PR interval \> 250 milliseconds (ms).
6. Has an average of Fredericia's formula-QT corrected interval (QTcF) prolongation to \> 470 millisecond (ms) in males and females based on a 12-lead electrocardiogram (ECG) in triplicate.
7. Unable or unwilling to discontinue concomitant drugs that are known to prolong the QT interval.

   For Combo B of Phase 1 and Cohort 2g, 2k of Phase 2a, patients currently receiving (or unable to stop use prior to receiving the first dose of Osimertinib) medications or herbal supplements known to be strong inducers of CYP3A4 (at least 3-week prior) (refer to Section 6.9.1) are ineligible, and all patients must try to avoid concomitant use of any medications, herbal supplements and/or ingestion of foods with known inducer effects on CYP3A4.
8. Has a history of (non-infectious) ILD/pneumonitis and/or radiation pneumonitis that required steroids, has current ILD/pneumonitis and/or radiation pneumonitis, or where suspected ILD/pneumonitis and/or radiation pneumonitis cannot be ruled out by imaging at screening.
9. Have a lung-specific intercurrent clinically significant illness including, but not limited to, any underlying pulmonary disorder (e.g., pulmonary emboli within 3 months prior to Cycle 1 Day 1, severe asthma, severe chronic obstructive pulmonary disorder, restrictive lung disease, significant pleural effusion etc.), and any autoimmune, connective tissue or inflammatory disorder with pulmonary involvement (e.g., rheumatoid arthritis, Sjogren's syndrome, sarcoidosis etc.), and/or prior pneumonectomy (complete).
10. Has an uncontrolled infection requiring intravenous injection of antibiotics, antivirals, or antifungals.
11. Has clinically significant corneal disease.
12. Know human immunodeficiency virus (HIV) infection.
13. Subjects have active viral (any etiology) hepatitis are excluded. However, subjects with positive hepatitis B surface antigen (HBsAg) who have the HBV DNA (viral load) below the lower limit quantification or HBV DNA titer \< 1000 cps/mL or 100 IU/mL per local testing and are not currently on viral suppressive therapy may be eligible and should be discussed with the Sponsor's Medical Monitor. However, subjects with a history of hepatitis C virus (HCV) infection who have completed curative antiviral treatment and have the HCV RNA below the lower limit of quantification per local testing are eligible for study entry.
14. Is a lactating mother (women who are willing to temporarily interrupt breastfeeding will also be excluded), or pregnant as confirmed by serum pregnancy tests performed within 7 days prior to Cycle 1 Day 1.
15. Has clinically active brain metastases, defined as untreated and symptomatic, or requiring therapy with steroids or anticonvulsants to control associated symptoms. However, subjects with asymptomatic central nervous system (CNS) metastases who are radiologically and neurologically stable for at least 4 weeks following CNS-directed therapy, and who are on stable or decreasing doses of corticosteroids equivalent to ≤10 mg/day prednisone are eligible for study entry.
16. Has unresolved toxicities from previous anticancer therapy, defined as toxicities (other than alopecia) not yet resolved to NCI-CTCAE version 5.0, grade ≤ 1 or baseline. Subjects with chronic Grade 2 toxicities (e.g., Grade 2 neuropathy) may be eligible based on the discussion and agreement between Investigator and Sponsor.
17. Has multiple primary malignancies within 3 years before enrollment, except adequately resected non-melanoma skin cancer (e.g., resected basal or squamous cell skin cancer), curatively treated in-situ disease (e.g., carcinoma in situ of the cervix or breast), other solid tumors curatively treated (e.g., superficial bladder cancer), or contralateral breast cancer.
18. Has substance abuse or any other medical conditions that would increase the safety risk to the subject or interfere with participation or evaluation of the clinical study in the opinion of the investigator.
19. Has known hypersensitivity to either the drug substances or inactive ingredients in the drug product.
20. Patients with other reasons that, in the opinion of the Investigator, make them unsuitable to participate in this study.

NOTE: Other protocol defined Inclusion/Exclusion criteria may apply.",1,Age range allowed: 18 years or older. Sex allowed: Male or Female. Cancer type allowed: Solid tumors. Histology allowed: NA. Cancer burden allowed: Advanced or metastatic. Prior treatment required: Relapsed or progressed on or after standard systemic treatments or intolerable with standard treatment or no standard treatment available. Prior treatment excluded: Prior treatment with HER3 targeted therapy or prior treatment with antibody drug conjugate with topoisomerase I inhibitor. Biomarkers required: NA. Biomarkers excluded: NA.,"Poor performance status (eg ECOG >1).
Left ventricular ejection fraction (LVEF) < 50%.
Inadequate organ functions.
Symptomatic congestive heart failure (New York Heart Association classes II-IV) or serious cardiac arrhythmia requiring treatment.
Myocardial infarction or unstable angina within 6 months before enrollment.
Clinically important abnormalities in rhythm, conduction or morphology of resting electrocardiogram (eg, complete left bundle branch block, third-degree heart block, second-degree heart block, or PR interval > 250 milliseconds).
Average Fredericia's formula-QT corrected interval (QTcF) prolongation > 470 milliseconds.
Unable or unwilling to discontinue concomitant drugs known to prolong the QT interval.
Current use of medications or herbal supplements known to be strong inducers of CYP3A4.
History of (non-infectious) interstitial lung disease (ILD), pneumonitis, and/or radiation pneumonitis that required steroids, current ILD/pneumonitis and/or radiation pneumonitis, or suspected ILD/pneumonitis and/or radiation pneumonitis that cannot be ruled out by imaging.
Lung-specific intercurrent clinically significant illness (eg, pulmonary emboli within 3 months prior to Cycle 1 Day 1, severe asthma, severe chronic obstructive pulmonary disorder, restrictive lung disease, significant pleural effusion, autoimmune, connective tissue or inflammatory disorder with pulmonary involvement, or prior complete pneumonectomy).
Uncontrolled infection requiring intravenous injection of antibiotics, antivirals, or antifungals.
Clinically significant corneal disease.
Known human immunodeficiency virus (HIV) infection.
Active viral hepatitis (excluding HBsAg positive subjects with HBV DNA < 1000 cps/mL or 100 IU/mL and not on viral suppressive therapy, and excluding history of hepatitis C virus infection who completed curative treatment and have HCV RNA below the lower limit of quantification).
Pregnant or lactating.
Clinically active brain metastases (defined as untreated and symptomatic, or requiring therapy with steroids or anticonvulsants to control associated symptoms).
Unresolved toxicities from previous anticancer therapy (grade > 1 per NCI-CTCAE version 5.0, except for alopecia).
Multiple primary malignancies within 3 years before enrollment (except adequately resected non-melanoma skin cancer, curatively treated in-situ disease, other curatively treated solid tumors, or contralateral breast cancer).
Substance abuse or other medical conditions that increase safety risk or interfere with participation.
Known hypersensitivity to drug substances or inactive ingredients."
6346,NCT06234423,2,True,"Age: 66
Sex: Male
Cancer type: Breast cancer
Histology: Invasive lobular carcinoma
Current extent: Metastatic (right breast, right axillary lymph node, thoracic spine, lumbar spine, sacrum, and liver). Most recent tumor markers: CA 27-29 38 U/mL (decreasing), CEA 3.1 ng/mL (stable).
Biomarkers: ER positive (strong), PR negative, HER2-low (IHC 1+, FISH non-amplified), Ki-67 22-30%, E-cadherin loss, CDH1 p.Glu736Lys, PIK3CA p.Glu545Lys, TP53 p.Tyr220Cys, ESR1 p.Asp538Gly, FGFR2 p.Asn549Lys, CCND1 amplification, CDK12 loss, PALB2 frameshift (VUS), MSI-stable, TMB 3 mut/Mb
Treatment history:
# 12/2020-07/2021: tamoxifen; best response stable disease
# 07/2021-12/2021: paclitaxel; best response partial response
# 12/2021-11/2023: letrozole; best response stable disease
# 11/2023-present: capecitabine; best response partial response
# 11/2022-present: zoledronic acid every 12 weeks",ECOG 1. Hypertension. Hyperlipidemia. Grade 1 peripheral sensory neuropathy.,"A Phase 1, First-in-Human Study of CUSP06, a Cadherin-6 (CDH6)-Directed Antibody-Drug Conjugate, in Patients With Platinum-Refractory/Resistant Ovarian Cancer and Other Advanced Solid Tumors","This phase 1 study will evaluate the safety, tolerability, pharmacokinetics, and efficacy of CUSP06 in patients with platinum-refractory/resistant ovarian cancer and other advanced solid tumors.","Inclusion Criteria:

* Written informed consent provided prior to any screening procedures.
* Male or female patients, ≥18 years of age at the time of obtaining informed consent.
* Patients with histologically or cytologically confirmed advanced solid tumors previously treated with standard of care systemic therapy, or for whom no standard therapy is available.
* Willingness to provide archival tumor tissue collected within the previous 2 years, when available. If no archival tissue is available that was collected within a 2 year timeframe, willingness to undergo a pretreatment biopsy if medically feasible and safe.

  * For patients on Phase 1b dose expansion, willingness to undergo pre- and on-treatment biopsies if medically feasible and safe.
* Measurable disease per RECIST 1.1.
* Eastern Cooperative Oncology Group (ECOG) performance status of 0 or 1 and life expectancy of ≥12 weeks.
* Adequate organ function as defined by:

  * Absolute neutrophil count (ANC) ≥1.5 x 109/L (1500/µL), without colony-stimulating factor support for the past 14 days.
  * Platelets ≥100.0 x 109/L (100 000/µL).
  * Hemoglobin ≥9.0 g/dL (without blood transfusion in 2-week period prior to screening laboratory tests).
  * Creatinine clearance (CrCl) ≥45 mL/min as calculated by the Cockcroft-Gault method.
  * Serum total bilirubin ≤ 1.5 x the upper limit of normal (ULN).
  * Aspartate aminotransferase (AST) ≤2.5 x ULN; alanine aminotransferase (ALT) ≤ 2.5 x ULN.
  * International normalized ratio (INR) ≤ 1.5; activated partial thromboplastin time (aPTT) ≤ 1.5 x ULN.
  * Left ventricular ejection fraction (LVEF) ≥50% as per echocardiography (ECHO) or multi-gated acquisition scan (MUGA).
  * Q wave to T wave (QT) interval corrected for heart rate (QTc) ≤480 ms (Fridericia's formula).
* Women of child-bearing potential (WCBP), defined as a sexually mature woman who has not undergone surgical sterilization or who has not been naturally postmenopausal for at least 12 consecutive months (i.e., who has had menses any time in the preceding 12 consecutive months) must agree to use 2 effective contraceptive methods; examples include oral, parenteral, or implantable hormonal contraceptive, intra-uterine device, barrier contraceptive with spermicide, partner's latex (or polyisoprene, if latex allergy) condom or vasectomy while on study treatment and for at least 12 weeks after the last dose of the study drug.

  * WCBP must have a negative serum pregnancy test within 72 hours prior to first dose of the study drug.
  * Male patients must agree to use a latex (or polyisoprene, if latex allergy) condom, even if they had a successful vasectomy, while on study treatment and for at least 12 weeks after the last dose of the study drug.
* Patients must be willing and able to sign the informed consent form, and to adhere to the study visit schedule and other protocol requirements.

Exclusion Criteria:

* Prior treatment an ADC with a topoisomerase I (TOP1) payload.
* Active or progressing brain metastases or evidence of leptomeningeal disease. Stable/treated brain metastases are permitted (defined as history of brain metastases previously treated with surgical resection or stereotactic radiosurgery, stable on baseline screening study MRI brain for at least 2 months (compared to comparator MRI brain) and asymptomatic without requirement for steroids or antiseizure medications.
* Persistent toxicities from previous systemic antineoplastic treatments of Grade \>1, excluding alopecia and vitiligo.
* Systemic antineoplastic therapy within 5 half-lives or 4 weeks, whichever is shorter, prior to first dose of the study drug, including investigational agents.
* Wide-field radiotherapy (e.g., \>30% of marrow-bearing bones) within 4 weeks, or focal radiation with palliative intent outside the field of measurable disease within 2 weeks prior to first dose of the study drug.
* Major surgery (not including placement of vascular access device or tumor biopsies) within 4 weeks prior to first dose of study drug, or no recovery from side effects of such intervention.
* Has had clinically significant lung disease requiring systemic corticosteroid treatment within the last 6 months of randomization/registration (e.g., interstitial pneumonia, pneumonitis, pulmonary fibrosis, and severe radiation pneumonitis) or who are suspected to have such diseases by imaging at screening period.
* Patients with acute or chronic pancreatitis and/or any cirrhosis except cirrhosis diagnosed as Child-Pugh class A.
* Hepatic insufficiency manifesting as clinical jaundice, hepatic encephalopathy, and/or variceal bleed within 60 days prior to study entry.
* History of liver transplant.
* Prior allogeneic bone marrow transplantation.
* Significant cardiac disease, such as recent (within 6 months prior to first dose of the study drug) myocardial infarction or acute coronary syndromes (including unstable angina pectoris), congestive heart failure (New York Heart Association class III or IV), uncontrolled hypertension, uncontrolled cardiac arrhythmias, severe aortic stenosis.
* History of thromboembolic or cerebrovascular events, including transient ischemic attacks, cerebrovascular accidents, deep vein thrombosis, or pulmonary emboli within 3 months prior to first dose of the study drug.
* Acute and/or clinically significant bacterial, fungal, or viral infection including hepatitis B (HBV), hepatitis C (HCV), known human immunodeficiency virus (HIV).

  * Note: patients with chronic HBV, HCV or HIV infection will be eligible if they are considered upon a mutual agreement of the Investigator and the Medical Monitor as safe for enrollment and meet one of the following additional conditions:
  * Patients with HIV infection are on an established antiretroviral therapy for at least 4 weeks, and have CD4+ T-cell counts ≥350 cells/µL and HIV viral load \<400 copies/mL,
  * Patients with serologic evidence of chronic HBV infection receive concurrent anti-HBV therapy and have HBV viral load below the limit of quantification,
  * Patients with a history of HCV infection must have completed curative anti-HCV therapy and have HCV viral load below the limit of quantification,
  * Patients on concurrent anti-HCV therapy have HCV viral load below the limit of quantification.
* Known or suspected allergy to the study drug or any component of the study drug.
* Concurrent participation in another investigational clinical trial.
* Pregnant or breast-feeding females.
* Prior history of malignancy other than inclusion diagnosis within 3 years prior to first dose of the study drug.

  * Note: patients with adequately treated basal cell or squamous cell skin cancer, non-invasive superficial bladder cancer, in situ cervical cancer, in situ breast cancer, in situ prostate cancer may be eligible if have shown no evidence of active disease for 2 years prior to first dose of drug.
* Any other severe acute or chronic medical or psychiatric conditions or laboratory abnormality that may increase the risk associated with the study participation or the study drug administration or may interfere with the interpretation of study results and, in the judgment of the Investigator, would make the patient inappropriate for enrollment in this study.",2,Age range allowed: >=18 years. Sex allowed: Male or female. Cancer type allowed: Solid tumor. Histology allowed: NA. Cancer burden allowed: Advanced. Prior treatment required: Standard of care systemic therapy or no standard therapy available. Prior treatment excluded: Antibody-drug conjugate with a topoisomerase I payload. Biomarkers required: NA. Biomarkers excluded: NA.,"Poor performance status (ECOG > 1).
Active or progressing brain metastases or evidence of leptomeningeal disease.
Persistent toxicities from previous systemic antineoplastic treatments of Grade > 1, excluding alopecia and vitiligo.
Clinically significant lung disease requiring systemic corticosteroid treatment (e.g., interstitial pneumonia, pneumonitis, pulmonary fibrosis, and severe radiation pneumonitis) or suspected such diseases by imaging at screening.
Acute or chronic pancreatitis and/or any cirrhosis except Child-Pugh class A.
Hepatic insufficiency manifesting as clinical jaundice, hepatic encephalopathy, and/or variceal bleed.
History of liver transplant.
Prior allogeneic bone marrow transplantation.
Significant cardiac disease (e.g., recent myocardial infarction, acute coronary syndromes, congestive heart failure New York Heart Association class III or IV, uncontrolled hypertension, uncontrolled cardiac arrhythmias, severe aortic stenosis).
History of thromboembolic or cerebrovascular events (e.g., transient ischemic attacks, cerebrovascular accidents, deep vein thrombosis, or pulmonary emboli).
Acute and/or clinically significant bacterial, fungal, or viral infection including hepatitis B, hepatitis C, or human immunodeficiency virus (unless meeting specific stability criteria).
Known or suspected allergy to the study drug or its components.
Concurrent participation in another investigational clinical trial.
Pregnancy or breast-feeding.
Prior history of malignancy other than inclusion diagnosis within 3 years (excluding adequately treated basal cell or squamous cell skin cancer, non-invasive superficial bladder cancer, in situ cervical cancer, in situ breast cancer, or in situ prostate cancer).
Any other severe acute or chronic medical or psychiatric conditions or laboratory abnormality that may increase risk or interfere with results."
6346,NCT05538130,3,True,"Age: 66
Sex: Male
Cancer type: Breast cancer
Histology: Invasive lobular carcinoma
Current extent: Metastatic (right breast, right axillary lymph node, thoracic spine, lumbar spine, sacrum, and liver). Most recent tumor markers: CA 27-29 38 U/mL (decreasing), CEA 3.1 ng/mL (stable).
Biomarkers: ER positive (strong), PR negative, HER2-low (IHC 1+, FISH non-amplified), Ki-67 22-30%, E-cadherin loss, CDH1 p.Glu736Lys, PIK3CA p.Glu545Lys, TP53 p.Tyr220Cys, ESR1 p.Asp538Gly, FGFR2 p.Asn549Lys, CCND1 amplification, CDK12 loss, PALB2 frameshift (VUS), MSI-stable, TMB 3 mut/Mb
Treatment history:
# 12/2020-07/2021: tamoxifen; best response stable disease
# 07/2021-12/2021: paclitaxel; best response partial response
# 12/2021-11/2023: letrozole; best response stable disease
# 11/2023-present: capecitabine; best response partial response
# 11/2022-present: zoledronic acid every 12 weeks",ECOG 1. Hypertension. Hyperlipidemia. Grade 1 peripheral sensory neuropathy.,A PHASE 1A/B OPEN-LABEL MASTER STUDY OF PF-07799544 AS A SINGLE-AGENT AND IN COMBINATION WITH OTHER TARGETED AGENTS IN PARTICIPANTS WITH ADVANCED SOLID TUMORS,"The purpose of this clinical trial is to learn the safety and effects of the study medicine (PF-07799544) administered as a single agent and in combination with other study medications in people with solid tumors. This study is seeking participants who have an advanced solid tumor for which the available treatments are no longer effective in controlling their cancer. All participants in this study will receive PF-07799544. PF-07799544 comes as a tablet to take by mouth daily (initially 2 times per day, but this could change to once daily or another frequency). Depending on the part of the study, participants may also receive another study medicine.

* In the first part of the study, people with melanoma or other solid tumors may also receive encorafenib. Encorafenib comes as a capsule and is taken once per day.
* In the second part of the study, people with melanoma or other cancers with abnormalities in a gene called ""BRAF"" will receive PF-07799544 with other study medicines (for example, PF-07799933).

Participants may receive the study medicines for about 2 years. The study team will monitor how each participant is doing with the study treatment during regular visits at the study clinic.","Inclusion Criteria:

* Diagnosis of advanced/metastatic solid tumor including primary brain tumor for monotherapy phase 1a dose escalation
* Disease progressed during/following last prior treatment and no satisfactory alternative treatment options for monotherapy phase 1a dose escalation
* For Substudy B, histological or cytological diagnosis of advanced/metastatic melanoma
* For Substudy C, unresectable or adv/metastatic solid tumor progressed on, or with demonstrated intolerance to SOC, excluding melanoma,
* For Substudy B and C, measurable disease by RECIST version 1.1
* For Substudy B, evidence of a BRAF V600 mutation or BRAF Class II/III alteration in tumor tissue and/or blood
* For Substudy C, evidence of a BRAF founder alteration (non-V600 Class II/III BRAF alteration)

Exclusion Criteria:

* Brain metastasis larger than 4 cm
* History or current evidence of retinal vein occlusion (RVO) or concurrent neuromuscular disorder associated with elevated creatine kinase (CK)",1,Age range allowed: NA. Sex allowed: Both. Cancer type allowed: Solid tumors. Histology allowed: NA. Cancer burden allowed: Advanced or metastatic (including primary brain tumor). Prior treatment required: Prior treatment followed by disease progression and no satisfactory alternative treatment options. Prior treatment excluded: NA. Biomarkers required: NA. Biomarkers excluded: NA.,"Brain metastasis larger than 4 cm
History or current evidence of retinal vein occlusion (RVO)
Concurrent neuromuscular disorder associated with elevated creatine kinase (CK)"
